seed,Status,Completed at,Time taken,Age,Gender,Highest education level completed,Language,Fluent languages
111887013140,APPROVED,2024-02-16T14:04:43.049000Z,1203.0,28,Man (including Trans Male/Trans Man),Technical/community college,Hungarian,"English, Hungarian"
208536731642,APPROVED,2024-02-16T13:25:37.754000Z,397.0,48,Woman (including Trans Female/Trans Woman),Doctorate degree (PhD/other),English,English
196789600940,APPROVED,2024-02-16T19:04:52.508000Z,251.0,38,Woman (including Trans Female/Trans Woman),Undergraduate degree (BA/BSc/other),English,English
76914364173,APPROVED,2024-02-16T16:47:51.189000Z,269.0,40,Man (including Trans Male/Trans Man),Graduate degree (MA/MSc/MPhil/other),English,English
146493502296,APPROVED,2024-02-16T16:49:41.751000Z,388.0,24,Man (including Trans Male/Trans Man),Undergraduate degree (BA/BSc/other),English,English
168738633987,APPROVED,2024-02-16T19:12:31.191000Z,665.0,29,Man (including Trans Male/Trans Man),Graduate degree (MA/MSc/MPhil/other),Italian,"English, Italian"
183724893457,AWAITING REVIEW,2024-02-17T07:15:23.963000Z,1317.0,28,Man (including Trans Male/Trans Man),High school diploma/A-levels,Estonian,"English, Estonian"
22281211373,APPROVED,2024-02-16T15:41:43.859000Z,1171.0,26,Man (including Trans Male/Trans Man),Technical/community college,Japanese,English
28780447811,APPROVED,2024-02-16T17:58:49.217000Z,454.0,30,Non-binary (would like to give more detail),Graduate degree (MA/MSc/MPhil/other),Portuguese,"Portuguese, English, Spanish"
139003142740,APPROVED,2024-02-16T15:52:29.694000Z,379.0,36,Woman (including Trans Female/Trans Woman),Technical/community college,English,English
171592647071,APPROVED,2024-02-16T16:21:33.126000Z,515.0,26,Man (including Trans Male/Trans Man),High school diploma/A-levels,Greek,"English, Greek"
176175695192,APPROVED,2024-02-16T14:58:04.343000Z,302.0,33,Woman (including Trans Female/Trans Woman),Graduate degree (MA/MSc/MPhil/other),English,English
34354881935,APPROVED,2024-02-16T15:00:23.295000Z,505.0,25,Woman (including Trans Female/Trans Woman),Graduate degree (MA/MSc/MPhil/other),Polish,"Polish, English"
186263859396,APPROVED,2024-02-16T18:46:48.893000Z,407.0,26,Woman (including Trans Female/Trans Woman),Technical/community college,English,English
98255852723,APPROVED,2024-02-16T17:09:27.122000Z,515.0,27,Man (including Trans Male/Trans Man),Technical/community college,English,English
80538377654,APPROVED,2024-02-17T05:27:52.150000Z,468.0,34,Man (including Trans Male/Trans Man),Graduate degree (MA/MSc/MPhil/other),English,"English, Japanese"
5924677036,APPROVED,2024-02-16T18:56:50.603000Z,1014.0,26,Man (including Trans Male/Trans Man),Technical/community college,Polish,"English, Polish"
152783491792,APPROVED,2024-02-16T15:34:33.831000Z,718.0,35,Man (including Trans Male/Trans Man),Undergraduate degree (BA/BSc/other),Portuguese,"Portuguese, English"
173265755024,APPROVED,2024-02-16T14:58:56.118000Z,378.0,24,Woman (including Trans Female/Trans Woman),Undergraduate degree (BA/BSc/other),English,English
188113245774,APPROVED,2024-02-16T18:57:33.927000Z,853.0,27,Woman (including Trans Female/Trans Woman),Undergraduate degree (BA/BSc/other),Spanish,"English, Spanish"
319428096,APPROVED,2024-02-16T16:38:55.901000Z,606.0,49,Man (including Trans Male/Trans Man),Undergraduate degree (BA/BSc/other),Italian,"English, Italian"
117506822593,APPROVED,2024-02-17T05:27:33.633000Z,454.0,27,Man (including Trans Male/Trans Man),Secondary education (e.g. GED/GCSE),Portuguese,"Spanish, Portuguese, English"
6299347228,APPROVED,2024-02-16T17:52:58.934000Z,410.0,23,Man (including Trans Male/Trans Man),High school diploma/A-levels,Spanish,"English, Spanish"
57923617149,APPROVED,2024-02-16T13:42:27.300000Z,346.0,34,Man (including Trans Male/Trans Man),Graduate degree (MA/MSc/MPhil/other),Greek,"Greek, English"
156834207426,APPROVED,2024-02-16T19:08:34.749000Z,467.0,75,Man (including Trans Male/Trans Man),Undergraduate degree (BA/BSc/other),English,English
113728899015,APPROVED,2024-02-16T18:28:21.525000Z,499.0,28,Man (including Trans Male/Trans Man),Graduate degree (MA/MSc/MPhil/other),Portuguese,"Spanish, Portuguese, French, German, English, Italian"
135630018835,APPROVED,2024-02-16T16:21:09.875000Z,2116.0,40,Man (including Trans Male/Trans Man),Undergraduate degree (BA/BSc/other),English,English
85512738352,APPROVED,2024-02-16T16:29:36.661000Z,980.0,42,Man (including Trans Male/Trans Man),Graduate degree (MA/MSc/MPhil/other),English,"Italian, English"
85468161894,APPROVED,2024-02-16T13:50:06.676000Z,804.0,27,Woman (including Trans Female/Trans Woman),Graduate degree (MA/MSc/MPhil/other),Portuguese,"Portuguese, English"
37084295471,APPROVED,2024-02-16T15:56:22.381000Z,616.0,28,Woman (including Trans Female/Trans Woman),High school diploma/A-levels,Polish,"Polish, English"
1595135459,APPROVED,2024-02-16T13:55:48.381000Z,345.0,35,Woman (including Trans Female/Trans Woman),Undergraduate degree (BA/BSc/other),English,English
186327756115,APPROVED,2024-02-16T14:36:04.913000Z,1596.0,37,Woman (including Trans Female/Trans Woman),Secondary education (e.g. GED/GCSE),Polish,"English, German, Dutch, Polish"
58694486424,APPROVED,2024-02-16T15:20:41.378000Z,1717.0,32,Man (including Trans Male/Trans Man),Undergraduate degree (BA/BSc/other),English,"English, Spanish, Russian"
19909875359,APPROVED,2024-02-16T13:43:56.517000Z,434.0,24,Man (including Trans Male/Trans Man),Graduate degree (MA/MSc/MPhil/other),Portuguese,"English, Portuguese"
115084573863,APPROVED,2024-02-16T14:39:44.881000Z,534.0,32,Woman (including Trans Female/Trans Woman),Undergraduate degree (BA/BSc/other),Portuguese,English
198064414323,APPROVED,2024-02-16T16:00:08.015000Z,765.0,61,Man (including Trans Male/Trans Man),Secondary education (e.g. GED/GCSE),English,English
80449706161,APPROVED,2024-02-16T14:38:54.528000Z,465.0,30,Woman (including Trans Female/Trans Woman),Undergraduate degree (BA/BSc/other),English,"English, German"
73433375662,APPROVED,2024-02-16T19:16:23.090000Z,934.0,37,Woman (including Trans Female/Trans Woman),Undergraduate degree (BA/BSc/other),English,English
186198005555,APPROVED,2024-02-16T19:10:46.261000Z,350.0,24,Non-binary (would like to give more detail),Undergraduate degree (BA/BSc/other),Chinese,English
130695377948,APPROVED,2024-02-16T18:31:17.941000Z,673.0,49,Man (including Trans Male/Trans Man),Graduate degree (MA/MSc/MPhil/other),Polish,"English, Polish"
188920049359,APPROVED,2024-02-17T04:48:30.521000Z,498.0,33,Woman (including Trans Female/Trans Woman),Undergraduate degree (BA/BSc/other),Spanish,"Spanish, English"
142938975987,APPROVED,2024-02-16T18:46:58.224000Z,400.0,36,Man (including Trans Male/Trans Man),High school diploma/A-levels,English,English
18249886784,APPROVED,2024-02-16T16:41:20.028000Z,737.0,37,Woman (including Trans Female/Trans Woman),Technical/community college,English,English
30637272080,APPROVED,2024-02-16T14:41:59.856000Z,663.0,29,Man (including Trans Male/Trans Man),Undergraduate degree (BA/BSc/other),English,"French, English"
75314871322,APPROVED,2024-02-16T14:40:35.762000Z,589.0,30,Man (including Trans Male/Trans Man),Undergraduate degree (BA/BSc/other),Greek,"English, Greek"
187685599568,APPROVED,2024-02-17T04:53:53.348000Z,778.0,27,Man (including Trans Male/Trans Man),Undergraduate degree (BA/BSc/other),Spanish,"English, Spanish"
116440922776,APPROVED,2024-02-16T18:32:30.816000Z,776.0,30,Woman (including Trans Female/Trans Woman),Graduate degree (MA/MSc/MPhil/other),Polish,"Polish, English"
209129329638,APPROVED,2024-02-16T14:28:32.468000Z,1136.0,47,Man (including Trans Male/Trans Man),Undergraduate degree (BA/BSc/other),English,"English, French, Russian, Hebrew"
87852222447,APPROVED,2024-02-16T15:37:43.596000Z,790.0,26,Woman (including Trans Female/Trans Woman),Undergraduate degree (BA/BSc/other),English,"Afrikaans, English"
116248895725,APPROVED,2024-02-16T16:50:01.548000Z,401.0,28,Man (including Trans Male/Trans Man),Technical/community college,Portuguese,"English, Portuguese"
157156507267,APPROVED,2024-02-16T15:05:48.871000Z,815.0,44,Woman (including Trans Female/Trans Woman),Graduate degree (MA/MSc/MPhil/other),Chinese,"English, Chinese"
194515691851,APPROVED,2024-02-16T14:36:50.959000Z,357.0,53,Man (including Trans Male/Trans Man),Graduate degree (MA/MSc/MPhil/other),English,English
188048235859,APPROVED,2024-02-17T05:37:18.956000Z,1019.0,41,Woman (including Trans Female/Trans Woman),Undergraduate degree (BA/BSc/other),Spanish,"Spanish, English"
52141921760,APPROVED,2024-02-16T16:30:49.303000Z,987.0,34,Woman (including Trans Female/Trans Woman),High school diploma/A-levels,English,English
81358398930,APPROVED,2024-02-16T15:51:01.158000Z,302.0,27,Man (including Trans Male/Trans Man),Undergraduate degree (BA/BSc/other),English,English
11350785234,APPROVED,2024-02-17T05:33:52.810000Z,814.0,28,Man (including Trans Male/Trans Man),Undergraduate degree (BA/BSc/other),English,English
211794579257,APPROVED,2024-02-16T17:12:13.204000Z,2595.0,37,Man (including Trans Male/Trans Man),Undergraduate degree (BA/BSc/other),English,English
160308294967,APPROVED,2024-02-16T14:37:55.546000Z,434.0,42,Man (including Trans Male/Trans Man),Graduate degree (MA/MSc/MPhil/other),Portuguese,"English, Portuguese"
117899118052,APPROVED,2024-02-16T19:08:25.538000Z,458.0,26,Man (including Trans Male/Trans Man),High school diploma/A-levels,Czech,"English, Czech"
184967616321,APPROVED,2024-02-16T16:25:49.323000Z,646.0,22,Woman (including Trans Female/Trans Woman),Undergraduate degree (BA/BSc/other),Estonian,"English, Estonian"
163986672491,APPROVED,2024-02-16T14:46:23.205000Z,928.0,59,Woman (including Trans Female/Trans Woman),High school diploma/A-levels,English,English
167447962338,APPROVED,2024-02-16T18:35:10.273000Z,925.0,30,Man (including Trans Male/Trans Man),High school diploma/A-levels,Swedish,"English, Swedish"
195289418724,APPROVED,2024-02-17T05:28:48.777000Z,459.0,25,Woman (including Trans Female/Trans Woman),Technical/community college,Tagalog-Filipino,"English, Tagalog-Filipino"
130733383148,APPROVED,2024-02-16T19:15:41.949000Z,898.0,22,Woman (including Trans Female/Trans Woman),High school diploma/A-levels,Portuguese,"English, Portuguese"
12786674859,APPROVED,2024-02-16T19:06:39.715000Z,354.0,33,Woman (including Trans Female/Trans Woman),Undergraduate degree (BA/BSc/other),English,English
7385414758,APPROVED,2024-02-16T18:35:34.475000Z,978.0,25,Man (including Trans Male/Trans Man),High school diploma/A-levels,Italian,"Italian, English"
154520488682,APPROVED,2024-02-16T15:27:11.084000Z,310.0,38,Man (including Trans Male/Trans Man),Graduate degree (MA/MSc/MPhil/other),English,English
12098963497,APPROVED,2024-02-16T13:28:48.774000Z,430.0,33,Non-binary (would like to give more detail),Graduate degree (MA/MSc/MPhil/other),Swedish,"English, Finnish, Swedish"
195904639894,APPROVED,2024-02-16T18:49:35.157000Z,500.0,50,Woman (including Trans Female/Trans Woman),High school diploma/A-levels,Italian,"Italian, English"
210775811818,APPROVED,2024-02-16T18:30:52.435000Z,679.0,51,Woman (including Trans Female/Trans Woman),Graduate degree (MA/MSc/MPhil/other),Polish,"Italian, Polish, English, German"
75398083930,APPROVED,2024-02-16T13:30:29.198000Z,745.0,28,Man (including Trans Male/Trans Man),High school diploma/A-levels,Polish,"Polish, English"
40913608146,APPROVED,2024-02-16T14:10:16.556000Z,1235.0,30,Man (including Trans Male/Trans Man),Graduate degree (MA/MSc/MPhil/other),Portuguese,"English, Portuguese, Spanish"
38902454180,APPROVED,2024-02-16T15:53:28.715000Z,446.0,37,Man (including Trans Male/Trans Man),Undergraduate degree (BA/BSc/other),English,"English, Spanish"
178913854774,APPROVED,2024-02-16T18:47:11.120000Z,436.0,33,Man (including Trans Male/Trans Man),Undergraduate degree (BA/BSc/other),Spanish,"English, French, Spanish"
204672978899,APPROVED,2024-02-16T13:59:59.005000Z,292.0,22,Non-binary (would like to give more detail),Technical/community college,Polish,"English, Polish"
3331675082,APPROVED,2024-02-16T17:58:18.108000Z,717.0,44,Man (including Trans Male/Trans Man),High school diploma/A-levels,English,"Afrikaans, English"
118931569911,APPROVED,2024-02-16T14:37:29.372000Z,380.0,23,Woman (including Trans Female/Trans Woman),Undergraduate degree (BA/BSc/other),Dutch,"Dutch, English"
74417306270,APPROVED,2024-02-17T05:24:37.537000Z,529.0,31,Woman (including Trans Female/Trans Woman),High school diploma/A-levels,Portuguese,"English, Portuguese"
35345482364,APPROVED,2024-02-16T17:57:12.333000Z,607.0,27,Woman (including Trans Female/Trans Woman),Graduate degree (MA/MSc/MPhil/other),Greek,"English, Greek, Spanish, Italian"
188097290410,APPROVED,2024-02-16T14:40:23.654000Z,549.0,24,Woman (including Trans Female/Trans Woman),Undergraduate degree (BA/BSc/other),Spanish,"English, French, Italian, Spanish"
113704864929,APPROVED,2024-02-16T16:24:49.099000Z,709.0,23,Man (including Trans Male/Trans Man),Don't know / not applicable,Swedish,"Swedish, English"
185949319860,APPROVED,2024-02-16T16:06:47.460000Z,1255.0,31,Man (including Trans Male/Trans Man),Graduate degree (MA/MSc/MPhil/other),Italian,"Italian, English"
210245258635,APPROVED,2024-02-16T18:17:05.348000Z,1721.0,30,Woman (including Trans Female/Trans Woman),Graduate degree (MA/MSc/MPhil/other),Spanish,"Spanish, English"
87453467933,APPROVED,2024-02-16T14:56:33.352000Z,269.0,33,Man (including Trans Male/Trans Man),High school diploma/A-levels,English,English
214041069474,APPROVED,2024-02-16T18:50:07.036000Z,609.0,46,Woman (including Trans Female/Trans Woman),High school diploma/A-levels,English,English
167247584928,APPROVED,2024-02-16T18:33:55.554000Z,872.0,21,Woman (including Trans Female/Trans Woman),Undergraduate degree (BA/BSc/other),Polish,"English, Polish"
77063029782,APPROVED,2024-02-16T13:24:47.201000Z,442.0,31,Man (including Trans Male/Trans Man),High school diploma/A-levels,Portuguese,"Portuguese, English, Spanish"
198496527246,APPROVED,2024-02-16T19:08:59.257000Z,494.0,22,Woman (including Trans Female/Trans Woman),High school diploma/A-levels,Polish,"English, Polish"
600332729,APPROVED,2024-02-17T05:27:38.633000Z,681.0,32,Man (including Trans Male/Trans Man),Undergraduate degree (BA/BSc/other),English,"English, Afrikaans"
184949672329,APPROVED,2024-02-16T18:46:56.700000Z,426.0,23,Woman (including Trans Female/Trans Woman),High school diploma/A-levels,English,English
42204891540,APPROVED,2024-02-16T14:13:46.292000Z,1448.0,27,Man (including Trans Male/Trans Man),High school diploma/A-levels,Polish,"Polish, Russian, German, French, English, Dutch"
146984903834,APPROVED,2024-02-16T16:35:53.095000Z,372.0,21,Woman (including Trans Female/Trans Woman),High school diploma/A-levels,Polish,"English, Polish"
38712888915,APPROVED,2024-02-16T15:12:41.235000Z,928.0,35,Woman (including Trans Female/Trans Woman),Undergraduate degree (BA/BSc/other),English,English
43720491882,APPROVED,2024-02-16T13:42:39.844000Z,927.0,32,Man (including Trans Male/Trans Man),Undergraduate degree (BA/BSc/other),Spanish,"Spanish, German, English"
196617552076,APPROVED,2024-02-16T15:03:08.947000Z,625.0,51,Man (including Trans Male/Trans Man),Undergraduate degree (BA/BSc/other),English,English
2101585126,APPROVED,2024-02-16T13:58:24.345000Z,505.0,24,Man (including Trans Male/Trans Man),Undergraduate degree (BA/BSc/other),Greek,"English, Greek"
11068493727,APPROVED,2024-02-16T13:54:50.417000Z,737.0,45,Rather not say,Secondary education (e.g. GED/GCSE),English,English
154866005552,APPROVED,2024-02-16T15:55:20.723000Z,2006.0,18,Man (including Trans Male/Trans Man),High school diploma/A-levels,Polish,"English, Polish"
37077627599,APPROVED,2024-02-17T05:27:12.992000Z,445.0,23,Woman (including Trans Female/Trans Woman),Undergraduate degree (BA/BSc/other),Spanish,"English, Spanish"
194700581655,APPROVED,2024-02-16T14:03:39.421000Z,839.0,22,Man (including Trans Male/Trans Man),High school diploma/A-levels,Polish,"English, Polish"
82937869952,APPROVED,2024-02-16T13:52:03.512000Z,904.0,26,Man (including Trans Male/Trans Man),Graduate degree (MA/MSc/MPhil/other),Greek,"English, Greek"
22228950896,APPROVED,2024-02-16T17:53:43.558000Z,369.0,24,Man (including Trans Male/Trans Man),Undergraduate degree (BA/BSc/other),Spanish,"English, Galician, Spanish"
79106522977,APPROVED,2024-02-16T16:49:34.446000Z,562.0,23,Non-binary (would like to give more detail),Undergraduate degree (BA/BSc/other),Polish,"Polish, English"
178617664191,APPROVED,2024-02-16T17:57:49.400000Z,682.0,28,Woman (including Trans Female/Trans Woman),Graduate degree (MA/MSc/MPhil/other),Portuguese,"English, Portuguese"
31111931342,APPROVED,2024-02-16T19:19:02.146000Z,1883.0,22,Man (including Trans Male/Trans Man),Undergraduate degree (BA/BSc/other),Catalan,"Catalan, English, Spanish"
148169628926,APPROVED,2024-02-16T15:54:08.065000Z,486.0,49,Woman (including Trans Female/Trans Woman),Secondary education (e.g. GED/GCSE),Portuguese,"English, French, Portuguese, Spanish"
22882258825,APPROVED,2024-02-16T13:31:47.401000Z,771.0,21,Man (including Trans Male/Trans Man),Undergraduate degree (BA/BSc/other),Portuguese,"English, Portuguese"
174191181043,APPROVED,2024-02-16T16:36:08.810000Z,424.0,24,Woman (including Trans Female/Trans Woman),Graduate degree (MA/MSc/MPhil/other),Portuguese,"English, Portuguese, Spanish"
51814491447,APPROVED,2024-02-16T16:35:46.514000Z,419.0,23,Man (including Trans Male/Trans Man),Undergraduate degree (BA/BSc/other),Polish,"English, Polish"
2651683142,APPROVED,2024-02-16T18:29:22.301000Z,599.0,26,Man (including Trans Male/Trans Man),Undergraduate degree (BA/BSc/other),Greek,"English, Greek"
14673199488,APPROVED,2024-02-16T13:54:45.901000Z,304.0,22,Woman (including Trans Female/Trans Woman),Undergraduate degree (BA/BSc/other),Portuguese,"English, Portuguese"
144275689542,APPROVED,2024-02-16T16:53:10.945000Z,591.0,21,Woman (including Trans Female/Trans Woman),Undergraduate degree (BA/BSc/other),Portuguese,"Portuguese, Spanish, English"
189038085110,APPROVED,2024-02-16T14:36:32.582000Z,346.0,50,Woman (including Trans Female/Trans Woman),Undergraduate degree (BA/BSc/other),Polish,"Polish, English, German"
104429665060,APPROVED,2024-02-16T16:51:55.140000Z,516.0,27,Woman (including Trans Female/Trans Woman),Undergraduate degree (BA/BSc/other),Italian,"English, Italian"
36734545925,APPROVED,2024-02-16T16:22:52.471000Z,595.0,23,Man (including Trans Male/Trans Man),High school diploma/A-levels,Portuguese,"Portuguese, English"
65759155168,APPROVED,2024-02-16T18:53:24.043000Z,810.0,34,Man (including Trans Male/Trans Man),High school diploma/A-levels,English,"English, Polish"
76397941849,APPROVED,2024-02-16T13:57:02.937000Z,420.0,28,Man (including Trans Male/Trans Man),Graduate degree (MA/MSc/MPhil/other),Polish,"Polish, English, German"
95491203393,APPROVED,2024-02-16T13:43:32.362000Z,409.0,36,Man (including Trans Male/Trans Man),Graduate degree (MA/MSc/MPhil/other),Dutch,"Dutch, English, French, German"
92377383848,APPROVED,2024-02-16T16:09:45.863000Z,1416.0,32,Woman (including Trans Female/Trans Woman),Graduate degree (MA/MSc/MPhil/other),Portuguese,English
141289760748,APPROVED,2024-02-16T18:48:59.733000Z,388.0,30,Man (including Trans Male/Trans Man),Undergraduate degree (BA/BSc/other),Hungarian,English
195957155815,APPROVED,2024-02-16T15:59:35.784000Z,820.0,27,Man (including Trans Male/Trans Man),Graduate degree (MA/MSc/MPhil/other),Portuguese,"English, French, Portuguese, Spanish"
5062305748,APPROVED,2024-02-16T14:58:47.952000Z,407.0,46,Man (including Trans Male/Trans Man),Undergraduate degree (BA/BSc/other),English,English
25159185317,APPROVED,2024-02-16T16:26:03.963000Z,587.0,23,Woman (including Trans Female/Trans Woman),Undergraduate degree (BA/BSc/other),Spanish,"English, Spanish"
77816346653,APPROVED,2024-02-16T16:22:35.218000Z,579.0,41,Man (including Trans Male/Trans Man),Undergraduate degree (BA/BSc/other),German,"English, German"
25004662510,APPROVED,2024-02-16T14:34:54.487000Z,252.0,46,Man (including Trans Male/Trans Man),Graduate degree (MA/MSc/MPhil/other),Polish,"Polish, German, English, French, Italian"
28425137626,APPROVED,2024-02-17T05:53:58.183000Z,861.0,26,Woman (including Trans Female/Trans Woman),High school diploma/A-levels,Spanish,"Spanish, English"
177455414031,APPROVED,2024-02-16T14:17:45.711000Z,487.0,31,Man (including Trans Male/Trans Man),Graduate degree (MA/MSc/MPhil/other),Polish,"Polish, English"
194850582445,APPROVED,2024-02-16T13:54:56.614000Z,1003.0,23,Woman (including Trans Female/Trans Woman),Undergraduate degree (BA/BSc/other),English,English
89547876671,APPROVED,2024-02-16T18:51:17.555000Z,661.0,35,Man (including Trans Male/Trans Man),Graduate degree (MA/MSc/MPhil/other),English,English
126369571729,APPROVED,2024-02-16T15:42:04.817000Z,1071.0,34,Woman (including Trans Female/Trans Woman),Graduate degree (MA/MSc/MPhil/other),Portuguese,"English, Portuguese"
187262259647,APPROVED,2024-02-16T18:29:10.415000Z,585.0,22,Man (including Trans Male/Trans Man),High school diploma/A-levels,English,English
106460323224,APPROVED,2024-02-16T15:53:53.843000Z,465.0,21,Non-binary (would like to give more detail),High school diploma/A-levels,Polish,"English, Polish, Norwegian"
85981639791,APPROVED,2024-02-16T14:13:32.965000Z,233.0,23,Woman (including Trans Female/Trans Woman),Undergraduate degree (BA/BSc/other),English,English
115794254116,APPROVED,2024-02-17T04:49:46.671000Z,505.0,28,Woman (including Trans Female/Trans Woman),Undergraduate degree (BA/BSc/other),Spanish,"English, Spanish"
40013795596,APPROVED,2024-02-16T13:57:11.748000Z,449.0,23,Man (including Trans Male/Trans Man),Undergraduate degree (BA/BSc/other),Hungarian,"English, Hungarian"
200930007936,APPROVED,2024-02-16T17:08:26.025000Z,1503.0,35,Woman (including Trans Female/Trans Woman),Technical/community college,English,English
129579783630,APPROVED,2024-02-16T13:25:45.771000Z,446.0,28,Woman (including Trans Female/Trans Woman),Graduate degree (MA/MSc/MPhil/other),Polish,English
22131532829,APPROVED,2024-02-16T15:55:47.937000Z,589.0,22,Man (including Trans Male/Trans Man),High school diploma/A-levels,German,"English, German"
32382046773,APPROVED,2024-02-16T16:20:45.493000Z,466.0,25,Man (including Trans Male/Trans Man),Secondary education (e.g. GED/GCSE),Lithuanian,"English, Lithuanian"
53424747198,APPROVED,2024-02-16T13:50:08.901000Z,803.0,49,Man (including Trans Male/Trans Man),Graduate degree (MA/MSc/MPhil/other),Portuguese,"English, French, Portuguese, Spanish"
58478117896,APPROVED,2024-02-16T14:37:44.001000Z,393.0,46,Man (including Trans Male/Trans Man),Technical/community college,English,English
16265897063,APPROVED,2024-02-16T14:15:37.699000Z,359.0,21,Man (including Trans Male/Trans Man),High school diploma/A-levels,Estonian,"Estonian, English"
66450131568,APPROVED,2024-02-16T15:32:59.614000Z,607.0,21,Man (including Trans Male/Trans Man),High school diploma/A-levels,Polish,"Polish, English"
78078303723,APPROVED,2024-02-17T05:42:22.013000Z,1378.0,23,Man (including Trans Male/Trans Man),High school diploma/A-levels,Spanish,"English, Spanish"
83376555315,APPROVED,2024-02-16T13:45:04.578000Z,476.0,23,Man (including Trans Male/Trans Man),Technical/community college,Portuguese,"Portuguese, English"
99818718385,APPROVED,2024-02-16T15:29:19.855000Z,314.0,24,Woman (including Trans Female/Trans Woman),Undergraduate degree (BA/BSc/other),Portuguese,"Portuguese, English"
88641028176,APPROVED,2024-02-17T06:03:08.958000Z,1209.0,46,Woman (including Trans Female/Trans Woman),Undergraduate degree (BA/BSc/other),English,English
25585445322,APPROVED,2024-02-16T14:57:59.156000Z,363.0,40,Man (including Trans Male/Trans Man),Undergraduate degree (BA/BSc/other),Portuguese,"English, Portuguese"
152332680844,APPROVED,2024-02-16T15:55:40.226000Z,585.0,38,Woman (including Trans Female/Trans Woman),Undergraduate degree (BA/BSc/other),Turkish,"Turkish, English"
167391477273,APPROVED,2024-02-16T18:01:55.996000Z,821.0,37,Man (including Trans Male/Trans Man),Undergraduate degree (BA/BSc/other),English,English
36672960057,APPROVED,2024-02-16T15:34:31.600000Z,675.0,23,Woman (including Trans Female/Trans Woman),Undergraduate degree (BA/BSc/other),Greek,"English, Greek"
156629436526,APPROVED,2024-02-16T18:28:07.620000Z,490.0,23,Woman (including Trans Female/Trans Woman),High school diploma/A-levels,Polish,"English, Polish"
153374952986,APPROVED,2024-02-16T14:07:01.335000Z,1040.0,26,Man (including Trans Male/Trans Man),Undergraduate degree (BA/BSc/other),Hungarian,"English, Hungarian, French"
198551704955,APPROVED,2024-02-16T13:44:23.929000Z,463.0,21,Woman (including Trans Female/Trans Woman),High school diploma/A-levels,Greek,"Greek, English"
123437125437,APPROVED,2024-02-16T16:55:12.929000Z,704.0,21,Man (including Trans Male/Trans Man),High school diploma/A-levels,Polish,"English, Polish"
52999599296,APPROVED,2024-02-16T19:13:11.508000Z,630.0,24,Woman (including Trans Female/Trans Woman),Graduate degree (MA/MSc/MPhil/other),Italian,"English, French, Italian, Romanian, Spanish"
90842388199,APPROVED,2024-02-16T14:00:18.175000Z,2559.0,32,Woman (including Trans Female/Trans Woman),Technical/community college,English,English
165910605120,APPROVED,2024-02-16T14:25:34.655000Z,2081.0,23,Woman (including Trans Female/Trans Woman),Graduate degree (MA/MSc/MPhil/other),English,English
83880718299,APPROVED,2024-02-16T16:05:03.253000Z,2578.0,36,Man (including Trans Male/Trans Man),Secondary education (e.g. GED/GCSE),English,English
82521488450,APPROVED,2024-02-16T18:14:33.159000Z,1126.0,36,Woman (including Trans Female/Trans Woman),Undergraduate degree (BA/BSc/other),Spanish,"Spanish, English"
1793122762,APPROVED,2024-02-16T13:37:42.846000Z,1074.0,22,Man (including Trans Male/Trans Man),High school diploma/A-levels,Slovenian,"English, Slovenian"
88728779476,APPROVED,2024-02-16T18:16:45.438000Z,1797.0,27,Man (including Trans Male/Trans Man),High school diploma/A-levels,Other,English
83506571242,APPROVED,2024-02-16T13:46:01.210000Z,559.0,22,Woman (including Trans Female/Trans Woman),Undergraduate degree (BA/BSc/other),Polish,"English, Polish, French"
11563465956,APPROVED,2024-02-16T15:55:46.191000Z,587.0,37,Man (including Trans Male/Trans Man),Technical/community college,English,English
133317927855,AWAITING REVIEW,2024-02-17T07:04:27.429000Z,623.0,21,Man (including Trans Male/Trans Man),Secondary education (e.g. GED/GCSE),English,English
25014991071,APPROVED,2024-02-16T16:09:51.641000Z,1085.0,22,Woman (including Trans Female/Trans Woman),Undergraduate degree (BA/BSc/other),Afrikaans,English
97279980930,APPROVED,2024-02-16T14:19:26.880000Z,1782.0,26,Man (including Trans Male/Trans Man),Technical/community college,English,English
15876336958,APPROVED,2024-02-16T18:44:34.588000Z,279.0,21,Man (including Trans Male/Trans Man),High school diploma/A-levels,Polish,"English, Polish"
24245252934,APPROVED,2024-02-16T14:53:07.446000Z,1029.0,32,Woman (including Trans Female/Trans Woman),Undergraduate degree (BA/BSc/other),Other,English
169183309114,APPROVED,2024-02-17T05:24:31.974000Z,428.0,20,Woman (including Trans Female/Trans Woman),High school diploma/A-levels,Spanish,"English, Spanish"
124353470888,APPROVED,2024-02-17T05:29:42.745000Z,462.0,32,Woman (including Trans Female/Trans Woman),Technical/community college,English,"Afrikaans, English"
4780933211,APPROVED,2024-02-16T16:24:42.808000Z,492.0,26,Woman (including Trans Female/Trans Woman),Undergraduate degree (BA/BSc/other),English,English
200038799659,APPROVED,2024-02-16T19:16:20.366000Z,934.0,33,Man (including Trans Male/Trans Man),High school diploma/A-levels,English,English
199509489494,APPROVED,2024-02-16T14:48:35.261000Z,2333.0,67,Woman (including Trans Female/Trans Woman),Technical/community college,Dutch,"Dutch, English, German, Spanish, Portuguese"
59759184557,APPROVED,2024-02-16T15:54:33.251000Z,1193.0,28,Woman (including Trans Female/Trans Woman),Undergraduate degree (BA/BSc/other),English,"English, Other"
157173118595,APPROVED,2024-02-16T13:36:52.061000Z,1036.0,25,Woman (including Trans Female/Trans Woman),Undergraduate degree (BA/BSc/other),English,English
48983438511,APPROVED,2024-02-16T18:45:46.060000Z,1489.0,29,Man (including Trans Male/Trans Man),Undergraduate degree (BA/BSc/other),English,English
25609340490,AWAITING REVIEW,2024-02-17T07:00:28.705000Z,369.0,31,Man (including Trans Male/Trans Man),Technical/community college,English,"Afrikaans, English"
145483657916,APPROVED,2024-02-16T15:59:09.556000Z,780.0,24,Woman (including Trans Female/Trans Woman),High school diploma/A-levels,English,English
124795218319,AWAITING REVIEW,2024-02-17T07:05:43.490000Z,626.0,28,Woman (including Trans Female/Trans Woman),Graduate degree (MA/MSc/MPhil/other),English,English
136080170285,APPROVED,2024-02-16T13:58:43.524000Z,536.0,27,Woman (including Trans Female/Trans Woman),Graduate degree (MA/MSc/MPhil/other),English,English
134083223367,APPROVED,2024-02-16T14:25:17.020000Z,786.0,23,Man (including Trans Male/Trans Man),Technical/community college,Hungarian,"English, Hungarian"
27220793753,APPROVED,2024-02-16T15:51:02.524000Z,1462.0,22,Non-binary (would like to give more detail),Undergraduate degree (BA/BSc/other),Portuguese,"English, Portuguese"
28631157925,APPROVED,2024-02-17T05:53:04.457000Z,768.0,50,Woman (including Trans Female/Trans Woman),Undergraduate degree (BA/BSc/other),English,"Afrikaans, English"
146041936453,APPROVED,2024-02-16T13:27:37.517000Z,566.0,23,Woman (including Trans Female/Trans Woman),Graduate degree (MA/MSc/MPhil/other),English,"Afrikaans, English"
123335884820,APPROVED,2024-02-16T16:23:06.225000Z,419.0,22,Woman (including Trans Female/Trans Woman),Undergraduate degree (BA/BSc/other),Portuguese,"English, Portuguese"
30300910058,APPROVED,2024-02-16T15:33:40.887000Z,574.0,25,Woman (including Trans Female/Trans Woman),Graduate degree (MA/MSc/MPhil/other),Portuguese,"English, Portuguese"
144689664511,APPROVED,2024-02-16T15:29:36.891000Z,299.0,25,Woman (including Trans Female/Trans Woman),Undergraduate degree (BA/BSc/other),Hungarian,"Slovak, Hungarian, English"
16520773870,APPROVED,2024-02-16T13:51:27.306000Z,1932.0,25,Man (including Trans Male/Trans Man),Technical/community college,English,"Rather not say, English"
188295410195,AWAITING REVIEW,2024-02-17T07:12:08.395000Z,610.0,28,Non-binary (would like to give more detail),Undergraduate degree (BA/BSc/other),English,"Afrikaans, English, Twi"
181817246819,APPROVED,2024-02-16T18:46:30.743000Z,382.0,24,Woman (including Trans Female/Trans Woman),Graduate degree (MA/MSc/MPhil/other),Polish,"Belarusian, English, French, Italian, German, Polish, Spanish, Ukrainian, Russian"
135033103518,APPROVED,2024-02-16T14:21:55.053000Z,486.0,22,Non-binary (would like to give more detail),High school diploma/A-levels,Polish,"English, Polish"
38308379467,APPROVED,2024-02-16T18:40:35.064000Z,1270.0,25,Woman (including Trans Female/Trans Woman),Undergraduate degree (BA/BSc/other),English,English
144259767630,APPROVED,2024-02-16T19:14:09.790000Z,803.0,35,Woman (including Trans Female/Trans Woman),Doctorate degree (PhD/other),Greek,"English, Greek"
114072847093,APPROVED,2024-02-16T18:53:10.274000Z,798.0,23,Man (including Trans Male/Trans Man),Secondary education (e.g. GED/GCSE),English,English
120328881642,AWAITING REVIEW,2024-02-17T07:08:01.944000Z,718.0,56,Man (including Trans Male/Trans Man),Undergraduate degree (BA/BSc/other),Afrikaans,"Afrikaans, English"
125235937353,APPROVED,2024-02-17T05:39:52.994000Z,833.0,28,Woman (including Trans Female/Trans Woman),Undergraduate degree (BA/BSc/other),English,English
78613359629,APPROVED,2024-02-16T13:49:06.018000Z,743.0,23,Woman (including Trans Female/Trans Woman),Undergraduate degree (BA/BSc/other),English,English
32688641464,APPROVED,2024-02-16T16:20:00.309000Z,418.0,36,Man (including Trans Male/Trans Man),Undergraduate degree (BA/BSc/other),English,"English, Italian, Russian"
59390868820,APPROVED,2024-02-16T16:34:58.551000Z,362.0,20,Man (including Trans Male/Trans Man),High school diploma/A-levels,Polish,"Polish, English"
153387291931,APPROVED,2024-02-16T13:30:21.566000Z,763.0,28,Man (including Trans Male/Trans Man),Graduate degree (MA/MSc/MPhil/other),English,English
13701547420,APPROVED,2024-02-16T13:53:33.456000Z,1004.0,31,Woman (including Trans Female/Trans Woman),Undergraduate degree (BA/BSc/other),English,"English, Portuguese"
988423215,AWAITING REVIEW,2024-02-17T07:11:42.177000Z,987.0,41,Woman (including Trans Female/Trans Woman),Undergraduate degree (BA/BSc/other),English,English
39798312514,APPROVED,2024-02-16T19:10:21.249000Z,568.0,25,Man (including Trans Male/Trans Man),Graduate degree (MA/MSc/MPhil/other),Spanish,"English, Spanish"
155295006814,APPROVED,2024-02-16T14:28:38.101000Z,1114.0,24,Woman (including Trans Female/Trans Woman),Undergraduate degree (BA/BSc/other),English,English
207907090835,APPROVED,2024-02-16T16:49:52.880000Z,365.0,26,Woman (including Trans Female/Trans Woman),Graduate degree (MA/MSc/MPhil/other),Portuguese,"English, Portuguese"
32358710315,APPROVED,2024-02-16T17:00:29.181000Z,1024.0,30,Woman (including Trans Female/Trans Woman),Doctorate degree (PhD/other),English,English
208473991322,APPROVED,2024-02-16T16:09:36.210000Z,1342.0,24,Woman (including Trans Female/Trans Woman),Technical/community college,English,English
160513159177,APPROVED,2024-02-16T14:40:01.574000Z,444.0,32,Man (including Trans Male/Trans Man),Secondary education (e.g. GED/GCSE),English,English
33659439976,APPROVED,2024-02-16T15:56:47.108000Z,637.0,31,Woman (including Trans Female/Trans Woman),Graduate degree (MA/MSc/MPhil/other),English,English
67027195182,APPROVED,2024-02-16T14:22:10.284000Z,746.0,27,Woman (including Trans Female/Trans Woman),Undergraduate degree (BA/BSc/other),English,"Afrikaans, English"
71734711391,APPROVED,2024-02-16T17:57:31.660000Z,552.0,21,Woman (including Trans Female/Trans Woman),High school diploma/A-levels,Portuguese,"English, Portuguese"
148499453668,AWAITING REVIEW,2024-02-17T07:14:57.955000Z,1281.0,27,Man (including Trans Male/Trans Man),Undergraduate degree (BA/BSc/other),English,English
31023825758,APPROVED,2024-02-16T17:02:44.544000Z,1083.0,27,Woman (including Trans Female/Trans Woman),Undergraduate degree (BA/BSc/other),English,English
63144967993,APPROVED,2024-02-17T05:40:28.066000Z,1179.0,26,Woman (including Trans Female/Trans Woman),High school diploma/A-levels,English,English
98171914581,APPROVED,2024-02-16T15:26:56.654000Z,299.0,26,Man (including Trans Male/Trans Man),Doctorate degree (PhD/other),Portuguese,"Portuguese, English, Spanish"
87202744418,APPROVED,2024-02-16T18:31:30.297000Z,714.0,23,Woman (including Trans Female/Trans Woman),Undergraduate degree (BA/BSc/other),English,English
107095947024,APPROVED,2024-02-16T16:27:17.103000Z,858.0,43,Man (including Trans Male/Trans Man),Undergraduate degree (BA/BSc/other),English,English
199845183597,APPROVED,2024-02-16T15:24:50.476000Z,1203.0,24,Rather not say,Undergraduate degree (BA/BSc/other),English,"English, Afrikaans"
125800684939,APPROVED,2024-02-16T19:03:09.316000Z,1335.0,23,Man (including Trans Male/Trans Man),Undergraduate degree (BA/BSc/other),English,"English, Afrikaans"
90196555132,APPROVED,2024-02-16T16:00:58.718000Z,891.0,26,Woman (including Trans Female/Trans Woman),Undergraduate degree (BA/BSc/other),English,English
193691347363,APPROVED,2024-02-16T14:51:49.591000Z,2192.0,24,Woman (including Trans Female/Trans Woman),Undergraduate degree (BA/BSc/other),English,English
191244691191,APPROVED,2024-02-16T15:31:55.290000Z,539.0,21,Woman (including Trans Female/Trans Woman),Secondary education (e.g. GED/GCSE),Portuguese,"English, Portuguese"
20465750229,APPROVED,2024-02-16T18:29:11.721000Z,590.0,34,Man (including Trans Male/Trans Man),Undergraduate degree (BA/BSc/other),English,"English, Afrikaans"
204764575981,APPROVED,2024-02-16T14:46:59.521000Z,975.0,21,Man (including Trans Male/Trans Man),Undergraduate degree (BA/BSc/other),Polish,"English, Polish, Russian"
143106566311,APPROVED,2024-02-16T13:45:36.322000Z,530.0,28,Woman (including Trans Female/Trans Woman),Graduate degree (MA/MSc/MPhil/other),English,English
140405745361,APPROVED,2024-02-16T18:02:04.824000Z,943.0,28,Man (including Trans Male/Trans Man),Undergraduate degree (BA/BSc/other),English,English
35998095590,APPROVED,2024-02-17T05:31:58.438000Z,779.0,26,Man (including Trans Male/Trans Man),Undergraduate degree (BA/BSc/other),Spanish,"English, Spanish"
191141213120,APPROVED,2024-02-16T18:24:33.137000Z,298.0,27,Woman (including Trans Female/Trans Woman),Graduate degree (MA/MSc/MPhil/other),Spanish,"English, Spanish"
87628025421,APPROVED,2024-02-16T15:48:34.709000Z,804.0,27,Woman (including Trans Female/Trans Woman),Undergraduate degree (BA/BSc/other),Spanish,"English, Spanish"
59793015750,APPROVED,2024-02-16T15:31:45.313000Z,588.0,30,Man (including Trans Male/Trans Man),Undergraduate degree (BA/BSc/other),Spanish,"Spanish, English"
45250385918,APPROVED,2024-02-16T16:43:58.078000Z,1704.0,25,Woman (including Trans Female/Trans Woman),Undergraduate degree (BA/BSc/other),Spanish,"Spanish, English"
171509967082,APPROVED,2024-02-16T18:55:56.375000Z,685.0,41,Non-binary (would like to give more detail),Undergraduate degree (BA/BSc/other),Spanish,"English, Spanish"
90315951167,APPROVED,2024-02-16T16:51:41.353000Z,686.0,23,Woman (including Trans Female/Trans Woman),Undergraduate degree (BA/BSc/other),English,English
20543965312,APPROVED,2024-02-16T19:00:44.515000Z,1193.0,24,Woman (including Trans Female/Trans Woman),Graduate degree (MA/MSc/MPhil/other),Spanish,"English, Spanish"
137337159497,APPROVED,2024-02-17T06:11:45.732000Z,1971.0,23,Man (including Trans Male/Trans Man),Graduate degree (MA/MSc/MPhil/other),Spanish,"Spanish, English"
203962334811,APPROVED,2024-02-16T14:40:31.509000Z,526.0,21,Woman (including Trans Female/Trans Woman),Undergraduate degree (BA/BSc/other),English,"Afrikaans, English"
91532247615,AWAITING REVIEW,2024-02-17T07:11:21.375000Z,956.0,29,Woman (including Trans Female/Trans Woman),Undergraduate degree (BA/BSc/other),Afrikaans,English
124500683984,APPROVED,2024-02-16T18:31:55.552000Z,751.0,32,Woman (including Trans Female/Trans Woman),Graduate degree (MA/MSc/MPhil/other),Spanish,"Spanish, English"
43427989958,APPROVED,2024-02-16T14:19:32.675000Z,593.0,33,Man (including Trans Male/Trans Man),Graduate degree (MA/MSc/MPhil/other),Bengali,"English, Bengali"
15539325936,APPROVED,2024-02-16T15:37:28.731000Z,817.0,22,Woman (including Trans Female/Trans Woman),High school diploma/A-levels,English,English
196348720811,APPROVED,2024-02-16T13:31:14.899000Z,682.0,31,Man (including Trans Male/Trans Man),Technical/community college,Other,English
14565639881,APPROVED,2024-02-16T16:28:04.227000Z,612.0,33,Non-binary (would like to give more detail),Undergraduate degree (BA/BSc/other),Spanish,"Spanish, English"
109058901982,APPROVED,2024-02-16T14:23:24.696000Z,758.0,29,Man (including Trans Male/Trans Man),Technical/community college,English,English
17091764176,APPROVED,2024-02-16T16:34:26.387000Z,909.0,33,Woman (including Trans Female/Trans Woman),Undergraduate degree (BA/BSc/other),English,English
6575814896,APPROVED,2024-02-16T13:41:01.600000Z,1405.0,36,Man (including Trans Male/Trans Man),Graduate degree (MA/MSc/MPhil/other),English,"English, Afrikaans"
34555173347,APPROVED,2024-02-17T05:54:01.808000Z,872.0,27,Woman (including Trans Female/Trans Woman),High school diploma/A-levels,English,English
144732900013,AWAITING REVIEW,2024-02-17T07:07:12.295000Z,658.0,33,Woman (including Trans Female/Trans Woman),Undergraduate degree (BA/BSc/other),English,English
134820588888,APPROVED,2024-02-17T05:32:34.402000Z,673.0,42,Man (including Trans Male/Trans Man),Undergraduate degree (BA/BSc/other),Spanish,"Spanish, English"
127769840486,APPROVED,2024-02-16T13:33:47.303000Z,867.0,27,Woman (including Trans Female/Trans Woman),Undergraduate degree (BA/BSc/other),English,English
204928484399,APPROVED,2024-02-16T19:16:23.218000Z,710.0,57,Man (including Trans Male/Trans Man),Undergraduate degree (BA/BSc/other),Afrikaans,"Afrikaans, English"
60291439369,APPROVED,2024-02-16T14:42:19.687000Z,689.0,25,Man (including Trans Male/Trans Man),Undergraduate degree (BA/BSc/other),English,English
73334721993,APPROVED,2024-02-16T15:32:32.235000Z,620.0,30,Man (including Trans Male/Trans Man),Undergraduate degree (BA/BSc/other),Hungarian,"Hungarian, English"
192946524451,APPROVED,2024-02-16T18:01:38.841000Z,819.0,32,Man (including Trans Male/Trans Man),Graduate degree (MA/MSc/MPhil/other),English,English
144883919265,APPROVED,2024-02-16T15:37:11.233000Z,852.0,23,Woman (including Trans Female/Trans Woman),Undergraduate degree (BA/BSc/other),English,English
110800044289,APPROVED,2024-02-17T05:32:49.817000Z,892.0,61,Man (including Trans Male/Trans Man),Undergraduate degree (BA/BSc/other),Portuguese,"English, Portuguese, Spanish"
154883245279,APPROVED,2024-02-16T17:58:23.733000Z,644.0,42,Woman (including Trans Female/Trans Woman),Undergraduate degree (BA/BSc/other),Hungarian,"English, Hungarian"
57062205496,APPROVED,2024-02-16T13:52:46.200000Z,2105.0,24,Woman (including Trans Female/Trans Woman),Undergraduate degree (BA/BSc/other),English,English
141302130295,APPROVED,2024-02-16T18:30:13.075000Z,2521.0,24,Woman (including Trans Female/Trans Woman),Undergraduate degree (BA/BSc/other),English,English
10836632226,APPROVED,2024-02-17T05:28:31.669000Z,644.0,28,Woman (including Trans Female/Trans Woman),Undergraduate degree (BA/BSc/other),Spanish,"English, Spanish"
4637348991,APPROVED,2024-02-16T14:06:55.487000Z,1029.0,25,Woman (including Trans Female/Trans Woman),Undergraduate degree (BA/BSc/other),English,"Afrikaans, English"
17514926934,APPROVED,2024-02-16T14:46:36.505000Z,946.0,40,Man (including Trans Male/Trans Man),High school diploma/A-levels,English,English
188845508049,APPROVED,2024-02-16T15:59:00.366000Z,769.0,24,Woman (including Trans Female/Trans Woman),Graduate degree (MA/MSc/MPhil/other),Spanish,"English, Spanish"
85133408960,APPROVED,2024-02-16T15:05:31.550000Z,811.0,25,Woman (including Trans Female/Trans Woman),Graduate degree (MA/MSc/MPhil/other),English,English
11674653034,AWAITING REVIEW,2024-02-17T07:11:43.622000Z,1097.0,30,Woman (including Trans Female/Trans Woman),Undergraduate degree (BA/BSc/other),English,English
206552141827,APPROVED,2024-02-16T15:38:12.837000Z,814.0,35,Woman (including Trans Female/Trans Woman),Undergraduate degree (BA/BSc/other),English,"Afrikaans, English"
65355954369,APPROVED,2024-02-17T05:32:02.564000Z,619.0,47,Woman (including Trans Female/Trans Woman),Undergraduate degree (BA/BSc/other),English,English
65925286529,APPROVED,2024-02-16T16:56:57.304000Z,819.0,30,Man (including Trans Male/Trans Man),Undergraduate degree (BA/BSc/other),English,English
174472844244,APPROVED,2024-02-16T15:43:49.402000Z,1139.0,35,Man (including Trans Male/Trans Man),Graduate degree (MA/MSc/MPhil/other),English,"English, Other"
89542713736,APPROVED,2024-02-16T15:10:48.697000Z,546.0,30,Man (including Trans Male/Trans Man),Undergraduate degree (BA/BSc/other),English,English
90397660521,APPROVED,2024-02-16T18:47:38.044000Z,459.0,25,Man (including Trans Male/Trans Man),High school diploma/A-levels,English,English
53930081856,APPROVED,2024-02-16T15:28:50.800000Z,413.0,23,Man (including Trans Male/Trans Man),Undergraduate degree (BA/BSc/other),English,English
57495309464,APPROVED,2024-02-16T18:51:22.790000Z,672.0,23,Woman (including Trans Female/Trans Woman),Undergraduate degree (BA/BSc/other),English,English
18179147237,APPROVED,2024-02-16T14:48:54.367000Z,1047.0,53,Woman (including Trans Female/Trans Woman),Undergraduate degree (BA/BSc/other),English,English
203338288515,APPROVED,2024-02-16T15:35:26.605000Z,2120.0,44,Man (including Trans Male/Trans Man),Graduate degree (MA/MSc/MPhil/other),English,"English, Spanish, German, French"
7451555318,APPROVED,2024-02-16T19:11:02.748000Z,623.0,26,Woman (including Trans Female/Trans Woman),Graduate degree (MA/MSc/MPhil/other),Portuguese,"English, Portuguese"
123553336290,APPROVED,2024-02-16T14:57:43.225000Z,334.0,23,Woman (including Trans Female/Trans Woman),High school diploma/A-levels,English,"French, Spanish, English, Gaelic"
104359939214,APPROVED,2024-02-16T19:21:25.478000Z,434.0,20,Rather not say,High school diploma/A-levels,English,English
143679467784,APPROVED,2024-02-16T15:54:24.447000Z,507.0,26,Man (including Trans Male/Trans Man),Undergraduate degree (BA/BSc/other),English,English
205532542079,APPROVED,2024-02-16T17:08:26.371000Z,1126.0,38,Man (including Trans Male/Trans Man),High school diploma/A-levels,English,English
75774254753,APPROVED,2024-02-16T16:30:38.913000Z,1061.0,34,Man (including Trans Male/Trans Man),Graduate degree (MA/MSc/MPhil/other),English,English
3418434520,APPROVED,2024-02-16T15:20:38.968000Z,1712.0,36,Man (including Trans Male/Trans Man),High school diploma/A-levels,English,English
178225969424,APPROVED,2024-02-16T16:44:20.501000Z,785.0,29,Man (including Trans Male/Trans Man),Undergraduate degree (BA/BSc/other),English,English
172762270477,APPROVED,2024-02-16T18:35:27.060000Z,972.0,49,Woman (including Trans Female/Trans Woman),Undergraduate degree (BA/BSc/other),English,English
96320402669,APPROVED,2024-02-17T05:01:28.293000Z,1293.0,25,Man (including Trans Male/Trans Man),High school diploma/A-levels,Spanish,"Spanish, English"
157737645998,APPROVED,2024-02-16T15:03:51.686000Z,713.0,33,Man (including Trans Male/Trans Man),Undergraduate degree (BA/BSc/other),Hebrew,"English, Hebrew"
104155866273,APPROVED,2024-02-16T19:08:23.748000Z,470.0,22,Man (including Trans Male/Trans Man),High school diploma/A-levels,Italian,"English, Italian"
190824899345,APPROVED,2024-02-16T14:59:40.077000Z,439.0,19,Man (including Trans Male/Trans Man),High school diploma/A-levels,Arabic,"Arabic, Hebrew, English"
88029794496,APPROVED,2024-02-16T14:47:20.264000Z,978.0,24,Woman (including Trans Female/Trans Woman),Undergraduate degree (BA/BSc/other),English,English
127739200580,APPROVED,2024-02-17T05:34:00.626000Z,846.0,35,Woman (including Trans Female/Trans Woman),Undergraduate degree (BA/BSc/other),Spanish,"Spanish, English"
146436804643,APPROVED,2024-02-16T14:20:27.087000Z,653.0,47,Woman (including Trans Female/Trans Woman),Technical/community college,Estonian,"English, Estonian"
111637036382,APPROVED,2024-02-16T16:33:36.894000Z,1154.0,27,Woman (including Trans Female/Trans Woman),Undergraduate degree (BA/BSc/other),English,"Afrikaans, English"
187337216234,APPROVED,2024-02-17T06:25:54.956000Z,642.0,23,Man (including Trans Male/Trans Man),Undergraduate degree (BA/BSc/other),English,English
115002282173,APPROVED,2024-02-16T18:00:05.650000Z,716.0,37,Woman (including Trans Female/Trans Woman),Undergraduate degree (BA/BSc/other),English,"English, Other"
200153206052,APPROVED,2024-02-16T18:51:33.168000Z,704.0,22,Man (including Trans Male/Trans Man),Undergraduate degree (BA/BSc/other),Greek,"Greek, English"
57612564545,APPROVED,2024-02-16T15:07:41.779000Z,795.0,28,Woman (including Trans Female/Trans Woman),Undergraduate degree (BA/BSc/other),English,English
181184415181,APPROVED,2024-02-16T13:46:19.304000Z,572.0,53,Woman (including Trans Female/Trans Woman),Graduate degree (MA/MSc/MPhil/other),Polish,"English, Dutch, Slovak, Russian, Ukrainian, Czech"
38237501631,APPROVED,2024-02-16T16:26:02.347000Z,726.0,21,Woman (including Trans Female/Trans Woman),Undergraduate degree (BA/BSc/other),Other,"English, Other"
163291188949,APPROVED,2024-02-16T14:36:47.155000Z,352.0,22,Woman (including Trans Female/Trans Woman),High school diploma/A-levels,Polish,"English, Polish, German"
174508862043,APPROVED,2024-02-16T15:27:08.788000Z,313.0,22,Man (including Trans Male/Trans Man),High school diploma/A-levels,English,English
72577669820,APPROVED,2024-02-16T19:17:05.793000Z,986.0,20,Man (including Trans Male/Trans Man),Technical/community college,French,"English, French, Chinese"
162474749525,APPROVED,2024-02-17T05:55:03.631000Z,970.0,24,Man (including Trans Male/Trans Man),Undergraduate degree (BA/BSc/other),English,English
181463389863,APPROVED,2024-02-16T14:19:37.642000Z,506.0,26,Man (including Trans Male/Trans Man),Undergraduate degree (BA/BSc/other),Urdu,"English, Urdu"
160807459272,APPROVED,2024-02-16T17:35:25.776000Z,555.0,37,Woman (including Trans Female/Trans Woman),Undergraduate degree (BA/BSc/other),English,"English, Arabic"
963877752,APPROVED,2024-02-16T19:00:56.682000Z,641.0,24,Man (including Trans Male/Trans Man),Undergraduate degree (BA/BSc/other),English,"English, Other"
95637335887,APPROVED,2024-02-16T14:43:12.948000Z,744.0,21,Man (including Trans Male/Trans Man),High school diploma/A-levels,Portuguese,"English, Portuguese"
117522169831,APPROVED,2024-02-16T16:37:43.068000Z,517.0,20,Woman (including Trans Female/Trans Woman),Secondary education (e.g. GED/GCSE),Other,English
131210844918,APPROVED,2024-02-16T16:38:57.768000Z,606.0,18,Man (including Trans Male/Trans Man),High school diploma/A-levels,Polish,"Polish, English"
36345439247,APPROVED,2024-02-16T15:56:01.797000Z,594.0,33,Man (including Trans Male/Trans Man),Graduate degree (MA/MSc/MPhil/other),Tagalog-Filipino,"English, Tagalog-Filipino"
142292673828,APPROVED,2024-02-16T16:50:20.452000Z,399.0,23,Woman (including Trans Female/Trans Woman),Undergraduate degree (BA/BSc/other),Vietnamese,"English, Vietnamese"
19065420843,APPROVED,2024-02-16T19:10:17.178000Z,573.0,49,Man (including Trans Male/Trans Man),Undergraduate degree (BA/BSc/other),English,English
184691535072,AWAITING REVIEW,2024-02-17T07:16:13.610000Z,1210.0,53,Man (including Trans Male/Trans Man),Graduate degree (MA/MSc/MPhil/other),English,English
9729010581,APPROVED,2024-02-16T16:08:44.406000Z,1225.0,31,Man (including Trans Male/Trans Man),Graduate degree (MA/MSc/MPhil/other),English,"English, German"
39734962129,APPROVED,2024-02-16T15:02:08.125000Z,516.0,23,Man (including Trans Male/Trans Man),Undergraduate degree (BA/BSc/other),English,English
28930192822,APPROVED,2024-02-16T16:27:25.161000Z,642.0,34,Woman (including Trans Female/Trans Woman),Graduate degree (MA/MSc/MPhil/other),Danish,"Danish, Dutch, English"
205181057784,APPROVED,2024-02-16T16:36:42.823000Z,469.0,43,Man (including Trans Male/Trans Man),High school diploma/A-levels,English,English
188226397630,APPROVED,2024-02-16T18:51:43.143000Z,714.0,24,Man (including Trans Male/Trans Man),Secondary education (e.g. GED/GCSE),Dutch,"Dutch, English, German, Turkish"
57781183367,APPROVED,2024-02-16T14:18:38.965000Z,539.0,29,Man (including Trans Male/Trans Man),Undergraduate degree (BA/BSc/other),Turkish,English
119688019328,APPROVED,2024-02-16T19:10:45.822000Z,560.0,31,Man (including Trans Male/Trans Man),Technical/community college,English,English
92443805114,AWAITING REVIEW,2024-02-17T07:07:15.259000Z,962.0,20,Woman (including Trans Female/Trans Woman),Technical/community college,Afrikaans,English
206681800817,APPROVED,2024-02-16T19:06:58.665000Z,380.0,20,Man (including Trans Male/Trans Man),Graduate degree (MA/MSc/MPhil/other),French,"English, French"
30488061717,APPROVED,2024-02-17T05:28:50.963000Z,450.0,30,Man (including Trans Male/Trans Man),Undergraduate degree (BA/BSc/other),English,"Vietnamese, English"
151362485399,APPROVED,2024-02-17T05:26:59.649000Z,336.0,22,Woman (including Trans Female/Trans Woman),High school diploma/A-levels,Chinese,"Chinese, English"
161339253189,APPROVED,2024-02-16T14:19:10.758000Z,1761.0,28,Woman (including Trans Female/Trans Woman),Graduate degree (MA/MSc/MPhil/other),Greek,"English, Greek"
96511966117,APPROVED,2024-02-16T19:09:47.008000Z,535.0,49,Woman (including Trans Female/Trans Woman),Secondary education (e.g. GED/GCSE),English,English
112163953313,APPROVED,2024-02-16T16:47:20.951000Z,588.0,29,Woman (including Trans Female/Trans Woman),Undergraduate degree (BA/BSc/other),English,"English, Other"
137621733414,APPROVED,2024-02-16T16:22:26.428000Z,568.0,57,Man (including Trans Male/Trans Man),Undergraduate degree (BA/BSc/other),English,English
58638404256,APPROVED,2024-02-16T16:54:53.154000Z,541.0,25,Man (including Trans Male/Trans Man),Graduate degree (MA/MSc/MPhil/other),Greek,"English, Greek, Italian"
167352821168,APPROVED,2024-02-16T13:49:12.981000Z,744.0,33,Woman (including Trans Female/Trans Woman),Undergraduate degree (BA/BSc/other),Turkish,"English, Turkish"
203205177561,APPROVED,2024-02-16T14:25:41.316000Z,933.0,26,Man (including Trans Male/Trans Man),Undergraduate degree (BA/BSc/other),English,English
111275014736,APPROVED,2024-02-16T13:22:46.071000Z,302.0,45,Man (including Trans Male/Trans Man),Doctorate degree (PhD/other),French,"French, English"
9006048592,APPROVED,2024-02-16T16:51:33.519000Z,493.0,32,Woman (including Trans Female/Trans Woman),Undergraduate degree (BA/BSc/other),English,"Afrikaans, English"
27172894052,APPROVED,2024-02-16T16:17:01.379000Z,1839.0,47,Man (including Trans Male/Trans Man),Undergraduate degree (BA/BSc/other),English,English
174557020425,APPROVED,2024-02-16T14:52:57.662000Z,922.0,25,Man (including Trans Male/Trans Man),Graduate degree (MA/MSc/MPhil/other),English,English
212115512271,APPROVED,2024-02-16T19:15:07.932000Z,833.0,45,Man (including Trans Male/Trans Man),Undergraduate degree (BA/BSc/other),English,"English, French"
35361069787,APPROVED,2024-02-16T15:29:02.099000Z,417.0,28,Man (including Trans Male/Trans Man),Undergraduate degree (BA/BSc/other),English,English
39115338719,APPROVED,2024-02-16T15:58:23.456000Z,725.0,30,Woman (including Trans Female/Trans Woman),Undergraduate degree (BA/BSc/other),Dutch,"Dutch, English"
198550262851,APPROVED,2024-02-17T05:36:55.254000Z,1073.0,48,Man (including Trans Male/Trans Man),Technical/community college,English,English
112850624663,APPROVED,2024-02-16T19:09:18.152000Z,481.0,24,Woman (including Trans Female/Trans Woman),Undergraduate degree (BA/BSc/other),Tagalog-Filipino,"Tagalog-Filipino, English"
207327012372,APPROVED,2024-02-16T16:39:58.938000Z,668.0,23,Woman (including Trans Female/Trans Woman),Undergraduate degree (BA/BSc/other),English,"Afrikaans, English"
189550675851,APPROVED,2024-02-16T18:03:41.377000Z,455.0,19,Woman (including Trans Female/Trans Woman),Technical/community college,Polish,"English, Polish"
10967902450,APPROVED,2024-02-16T14:43:52.817000Z,761.0,30,Man (including Trans Male/Trans Man),Undergraduate degree (BA/BSc/other),Spanish,"English, Spanish"
121713762088,APPROVED,2024-02-16T14:48:56.405000Z,1025.0,54,Man (including Trans Male/Trans Man),Undergraduate degree (BA/BSc/other),English,English
25621599259,APPROVED,2024-02-16T16:29:31.633000Z,786.0,24,Woman (including Trans Female/Trans Woman),High school diploma/A-levels,English,"English, Other"
76405946489,APPROVED,2024-02-16T16:50:18.505000Z,410.0,43,Man (including Trans Male/Trans Man),High school diploma/A-levels,English,English
26607714897,APPROVED,2024-02-16T17:53:43.495000Z,421.0,29,Man (including Trans Male/Trans Man),High school diploma/A-levels,Portuguese,"Portuguese, English"
157066733699,APPROVED,2024-02-16T14:20:03.540000Z,578.0,22,Woman (including Trans Female/Trans Woman),Technical/community college,English,"English, French, Spanish"
170584125060,AWAITING REVIEW,2024-02-17T07:07:50.846000Z,971.0,24,Woman (including Trans Female/Trans Woman),Undergraduate degree (BA/BSc/other),Spanish,"English, Spanish"
154841656853,APPROVED,2024-02-16T15:41:46.746000Z,602.0,28,Man (including Trans Male/Trans Man),High school diploma/A-levels,Italian,"English, Italian"
62126773463,APPROVED,2024-02-16T18:48:18.669000Z,481.0,23,Woman (including Trans Female/Trans Woman),Undergraduate degree (BA/BSc/other),Nepali,"Nepali, English"
176624153878,APPROVED,2024-02-16T18:48:27.975000Z,496.0,58,Woman (including Trans Female/Trans Woman),Undergraduate degree (BA/BSc/other),English,English
41062167322,APPROVED,2024-02-17T05:03:31.707000Z,741.0,35,Woman (including Trans Female/Trans Woman),Graduate degree (MA/MSc/MPhil/other),English,English
191219239814,APPROVED,2024-02-16T18:50:23.514000Z,626.0,25,Woman (including Trans Female/Trans Woman),Undergraduate degree (BA/BSc/other),English,English
110181034047,APPROVED,2024-02-16T18:50:15.369000Z,607.0,37,Woman (including Trans Female/Trans Woman),Undergraduate degree (BA/BSc/other),French,"English, French"
65609672866,AWAITING REVIEW,2024-02-17T07:03:33.786000Z,637.0,23,Man (including Trans Male/Trans Man),High school diploma/A-levels,Other,English
208260747693,APPROVED,2024-02-16T15:17:01.300000Z,1466.0,23,Woman (including Trans Female/Trans Woman),Undergraduate degree (BA/BSc/other),English,English
176044070390,APPROVED,2024-02-16T16:32:15.014000Z,1075.0,28,Woman (including Trans Female/Trans Woman),Undergraduate degree (BA/BSc/other),Swedish,"English, Swedish"
152957223733,APPROVED,2024-02-16T18:51:59.615000Z,620.0,47,Woman (including Trans Female/Trans Woman),Graduate degree (MA/MSc/MPhil/other),English,"French, German, Dutch, English"
114593327397,APPROVED,2024-02-16T16:27:46.184000Z,871.0,28,Man (including Trans Male/Trans Man),Undergraduate degree (BA/BSc/other),English,"English, Afrikaans"
75247921670,APPROVED,2024-02-16T16:02:25.133000Z,1135.0,19,Man (including Trans Male/Trans Man),Technical/community college,English,English
12758562487,APPROVED,2024-02-16T18:25:23.640000Z,361.0,32,Man (including Trans Male/Trans Man),Doctorate degree (PhD/other),Italian,English
97104232470,APPROVED,2024-02-16T15:03:48.799000Z,708.0,38,Man (including Trans Male/Trans Man),Technical/community college,Swedish,"Swedish, English"
19328952464,APPROVED,2024-02-16T16:35:56.997000Z,422.0,24,Man (including Trans Male/Trans Man),Graduate degree (MA/MSc/MPhil/other),Polish,"Polish, English"
128355818626,APPROVED,2024-02-16T14:39:13.620000Z,492.0,30,Man (including Trans Male/Trans Man),Undergraduate degree (BA/BSc/other),Slovenian,"Croatian, Slovenian, Serbian, English, German"
210029483362,APPROVED,2024-02-16T19:12:12.623000Z,686.0,28,Woman (including Trans Female/Trans Woman),Graduate degree (MA/MSc/MPhil/other),Hungarian,"Hungarian, English"
61615015266,APPROVED,2024-02-16T13:28:24.232000Z,542.0,22,Woman (including Trans Female/Trans Woman),High school diploma/A-levels,Finnish,"Finnish, English"
116553107588,APPROVED,2024-02-16T15:14:05.184000Z,1327.0,40,Woman (including Trans Female/Trans Woman),Doctorate degree (PhD/other),Polish,"English, German, Polish"
159644529461,APPROVED,2024-02-16T15:59:56.208000Z,830.0,28,Woman (including Trans Female/Trans Woman),Graduate degree (MA/MSc/MPhil/other),Hungarian,"English, German"
46715863877,APPROVED,2024-02-16T13:27:14.282000Z,493.0,19,Woman (including Trans Female/Trans Woman),High school diploma/A-levels,English,"Italian, English"
30627659593,APPROVED,2024-02-16T15:02:07.779000Z,560.0,20,Man (including Trans Male/Trans Man),High school diploma/A-levels,Hungarian,"English, Hungarian"
59589511299,APPROVED,2024-02-16T14:25:03.286000Z,927.0,18,Woman (including Trans Female/Trans Woman),Undergraduate degree (BA/BSc/other),French,"English, French"
145418362732,APPROVED,2024-02-16T15:36:06.112000Z,750.0,29,Woman (including Trans Female/Trans Woman),Technical/community college,Spanish,"English, Spanish"
73866178237,APPROVED,2024-02-16T16:34:59.261000Z,365.0,25,Woman (including Trans Female/Trans Woman),Undergraduate degree (BA/BSc/other),French,"French, English"
213016674912,APPROVED,2024-02-16T15:15:09.729000Z,1384.0,37,Man (including Trans Male/Trans Man),Undergraduate degree (BA/BSc/other),English,"English, Finnish, German, Spanish, Bulgarian"
151880062447,APPROVED,2024-02-17T05:48:34.188000Z,548.0,57,Man (including Trans Male/Trans Man),Secondary education (e.g. GED/GCSE),English,"Afrikaans, English"
9387419252,APPROVED,2024-02-16T14:02:43.992000Z,388.0,31,Man (including Trans Male/Trans Man),High school diploma/A-levels,Italian,"Italian, English"
113733269775,APPROVED,2024-02-16T13:49:44.874000Z,788.0,21,Man (including Trans Male/Trans Man),Secondary education (e.g. GED/GCSE),Polish,"Polish, English"
3716888929,APPROVED,2024-02-16T19:13:33.839000Z,2017.0,25,Man (including Trans Male/Trans Man),Graduate degree (MA/MSc/MPhil/other),Dutch,"Dutch, English"
75295752715,APPROVED,2024-02-16T18:27:04.588000Z,449.0,22,Woman (including Trans Female/Trans Woman),Undergraduate degree (BA/BSc/other),Arabic,"Arabic, English"
128429693678,APPROVED,2024-02-16T15:31:18.153000Z,460.0,24,Woman (including Trans Female/Trans Woman),Undergraduate degree (BA/BSc/other),Slovenian,"Croatian, English, Slovenian"
8810943735,APPROVED,2024-02-16T16:51:28.319000Z,492.0,26,Man (including Trans Male/Trans Man),Graduate degree (MA/MSc/MPhil/other),English,English
139360974073,APPROVED,2024-02-16T14:49:25.917000Z,1113.0,54,Woman (including Trans Female/Trans Woman),Undergraduate degree (BA/BSc/other),Spanish,"English, Spanish"
25856967293,APPROVED,2024-02-16T15:03:51.952000Z,719.0,55,Woman (including Trans Female/Trans Woman),Undergraduate degree (BA/BSc/other),English,"English, Japanese, Spanish"
68944914979,APPROVED,2024-02-16T13:46:38.449000Z,564.0,20,Woman (including Trans Female/Trans Woman),High school diploma/A-levels,Slovenian,"English, Slovenian, Serbian"
53378118638,APPROVED,2024-02-16T16:35:19.537000Z,377.0,20,Woman (including Trans Female/Trans Woman),Graduate degree (MA/MSc/MPhil/other),Portuguese,"English, Portuguese"
112686028157,APPROVED,2024-02-16T18:59:38.125000Z,1183.0,30,Woman (including Trans Female/Trans Woman),Undergraduate degree (BA/BSc/other),Russian,"French, English, Russian"
82420025612,APPROVED,2024-02-16T15:05:22.622000Z,576.0,21,Non-binary (would like to give more detail),Technical/community college,Polish,"English, Polish"
176362448210,APPROVED,2024-02-16T18:48:24.676000Z,413.0,26,Woman (including Trans Female/Trans Woman),Graduate degree (MA/MSc/MPhil/other),French,"French, English"
146048944289,APPROVED,2024-02-17T05:59:22.843000Z,1222.0,26,Man (including Trans Male/Trans Man),Undergraduate degree (BA/BSc/other),Nepali,"Nepali, English, Hindi"
4028821297,APPROVED,2024-02-17T05:49:43.004000Z,615.0,28,Woman (including Trans Female/Trans Woman),Undergraduate degree (BA/BSc/other),English,English
213607704376,APPROVED,2024-02-16T18:56:20.984000Z,977.0,19,Man (including Trans Male/Trans Man),Technical/community college,Dutch,"Dutch, English"
169569843548,APPROVED,2024-02-16T16:20:59.326000Z,471.0,48,Man (including Trans Male/Trans Man),Technical/community college,English,English
137775818947,APPROVED,2024-02-16T15:53:55.912000Z,478.0,28,Man (including Trans Male/Trans Man),Undergraduate degree (BA/BSc/other),English,English
209151739199,APPROVED,2024-02-16T16:51:17.667000Z,993.0,32,Woman (including Trans Female/Trans Woman),Undergraduate degree (BA/BSc/other),Turkish,"English, Turkish"
141937625027,APPROVED,2024-02-16T15:00:14.138000Z,452.0,23,Woman (including Trans Female/Trans Woman),Technical/community college,French,"French, English"
163120231777,APPROVED,2024-02-16T14:35:12.743000Z,269.0,23,Man (including Trans Male/Trans Man),Graduate degree (MA/MSc/MPhil/other),English,"English, French, Korean"
171325181038,APPROVED,2024-02-16T16:22:37.267000Z,372.0,28,Woman (including Trans Female/Trans Woman),Graduate degree (MA/MSc/MPhil/other),English,"English, Hindi"
101243873748,APPROVED,2024-02-16T15:55:36.898000Z,536.0,25,Woman (including Trans Female/Trans Woman),High school diploma/A-levels,Bulgarian,"Bulgarian, English, Spanish"
185458941716,APPROVED,2024-02-16T14:40:13.430000Z,563.0,43,Woman (including Trans Female/Trans Woman),Undergraduate degree (BA/BSc/other),Lithuanian,"English, Lithuanian, Russian, Spanish, French"
72139671712,APPROVED,2024-02-17T05:22:44.108000Z,324.0,31,Man (including Trans Male/Trans Man),Undergraduate degree (BA/BSc/other),English,English
72509199023,APPROVED,2024-02-16T16:53:51.833000Z,612.0,29,Man (including Trans Male/Trans Man),High school diploma/A-levels,English,English
206385307658,APPROVED,2024-02-16T16:30:14.822000Z,940.0,35,Man (including Trans Male/Trans Man),High school diploma/A-levels,English,English
193666636945,APPROVED,2024-02-16T15:05:22.926000Z,805.0,22,Woman (including Trans Female/Trans Woman),Technical/community college,Spanish,"English, Spanish"
115765760838,APPROVED,2024-02-16T18:08:17.988000Z,1108.0,20,Woman (including Trans Female/Trans Woman),Undergraduate degree (BA/BSc/other),English,"English, Afrikaans, Other"
118220607942,APPROVED,2024-02-16T14:59:36.930000Z,422.0,22,Woman (including Trans Female/Trans Woman),Undergraduate degree (BA/BSc/other),Spanish,"English, Spanish"
11722137820,APPROVED,2024-02-16T14:41:47.211000Z,651.0,22,Woman (including Trans Female/Trans Woman),Graduate degree (MA/MSc/MPhil/other),English,English
142757299486,APPROVED,2024-02-16T18:57:00.627000Z,1016.0,26,Man (including Trans Male/Trans Man),Undergraduate degree (BA/BSc/other),Greek,"English, Greek"
22931754390,APPROVED,2024-02-17T05:28:52.089000Z,401.0,26,Non-binary (would like to give more detail),High school diploma/A-levels,Spanish,"Spanish, English"
205924409863,APPROVED,2024-02-16T14:02:33.850000Z,738.0,21,Woman (including Trans Female/Trans Woman),High school diploma/A-levels,Hungarian,"English, Hungarian"
94815856134,APPROVED,2024-02-16T14:08:34.461000Z,997.0,39,Woman (including Trans Female/Trans Woman),Undergraduate degree (BA/BSc/other),Portuguese,"English, Spanish"
173768347059,APPROVED,2024-02-17T05:46:11.140000Z,433.0,33,Man (including Trans Male/Trans Man),Undergraduate degree (BA/BSc/other),Mandarin,"English, Japanese, Mandarin"
60748947055,APPROVED,2024-02-16T14:00:38.889000Z,659.0,35,Man (including Trans Male/Trans Man),Graduate degree (MA/MSc/MPhil/other),Swedish,"Swedish, English, Norwegian"
64129934085,APPROVED,2024-02-16T18:56:37.312000Z,981.0,27,Woman (including Trans Female/Trans Woman),Graduate degree (MA/MSc/MPhil/other),Ukrainian,"Ukrainian, Polish, English"
113581105486,APPROVED,2024-02-16T17:10:22.459000Z,380.0,25,Rather not say,Graduate degree (MA/MSc/MPhil/other),Turkish,"Turkish, English"
17139137183,APPROVED,2024-02-16T18:49:50.215000Z,593.0,18,Man (including Trans Male/Trans Man),High school diploma/A-levels,Swedish,"English, Swedish"
125474609972,APPROVED,2024-02-16T19:18:36.774000Z,1032.0,33,Man (including Trans Male/Trans Man),High school diploma/A-levels,French,"French, English"
162296687263,APPROVED,2024-02-16T16:02:11.993000Z,918.0,21,Woman (including Trans Female/Trans Woman),High school diploma/A-levels,Slovenian,"English, Slovenian"
203025115614,APPROVED,2024-02-16T15:54:44.174000Z,528.0,20,Man (including Trans Male/Trans Man),High school diploma/A-levels,German,"English, German, Turkish"
68216378965,APPROVED,2024-02-16T16:40:06.102000Z,656.0,29,Man (including Trans Male/Trans Man),Undergraduate degree (BA/BSc/other),English,"English, German"
187238692768,APPROVED,2024-02-16T16:53:51.340000Z,592.0,27,Woman (including Trans Female/Trans Woman),Undergraduate degree (BA/BSc/other),English,English
142094328099,APPROVED,2024-02-16T16:22:06.145000Z,547.0,29,Man (including Trans Male/Trans Man),Graduate degree (MA/MSc/MPhil/other),English,"Arabic, English, French"
194238678459,APPROVED,2024-02-16T18:50:50.009000Z,630.0,26,Woman (including Trans Female/Trans Woman),Graduate degree (MA/MSc/MPhil/other),English,"English, French, Turkmen"
20011661593,APPROVED,2024-02-16T14:04:35.323000Z,831.0,25,Woman (including Trans Female/Trans Woman),Graduate degree (MA/MSc/MPhil/other),Russian,"English, Portuguese, Russian"
48608976210,APPROVED,2024-02-16T13:59:00.629000Z,493.0,47,Woman (including Trans Female/Trans Woman),Secondary education (e.g. GED/GCSE),Hungarian,"English, Hungarian, German"
