stems,corpora presence count,all tokens,all Concepts,average density across ALL corpuses,tokens in studies,density in studies,Concepts in studies,tokens in comments,density in comments,Concepts in comments,tokens in survey,density in survey,Concepts in survey,average density across concerned corpora
readabl,3,"{'readable': 9, 'readability': 2}",{'READ': 11},0.110673235,"{'readable': 4, 'readability': 1}",0.142857143,{'READ': 5},"{'readable': 2, 'readability': 1}",0.085714286,{'READ': 3},{'readable': 3},0.103448276,{'READ': 3},0.110673235
eas,2,{'ease': 6},{'EASINESS': 6},0.057142857,{'ease': 4},0.114285714,{'EASINESS': 4},{'ease': 2},0.057142857,{'EASINESS': 2},,0,,0.085714286
use,3,"{'use': 5, 'useful': 3}","{'USE': 4, 'SUPPORT': 4, 'RELEVANT': 1}",0.087684729,{'use': 4},0.114285714,{'USE': 4},"{'use': 1, 'useful': 2}",0.114285714,{'SUPPORT': 4},{'useful': 1},0.034482759,{'RELEVANT': 1},0.087684729
clutter,3,"{'cluttered': 9, 'clutter': 2}",{'CLUTTER': 11},0.110673235,{'cluttered': 4},0.114285714,{'CLUTTER': 4},"{'cluttered': 3, 'clutter': 1}",0.114285714,{'CLUTTER': 4},"{'clutter': 1, 'cluttered': 2}",0.103448276,{'CLUTTER': 3},0.110673235
visual,3,"{'visually': 3, 'visual': 7, 'visualization': 1, 'visualize': 1}","{'VISUAL': 11, 'VIEW': 1}",0.126108374,"{'visually': 1, 'visual': 3, 'visualization': 1}",0.142857143,{'VISUAL': 5},{'visualize': 1},0.028571429,{'VIEW': 1},"{'visual': 4, 'visually': 2}",0.206896552,{'VISUAL': 6},0.126108374
confid,2,"{'confidence': 3, 'confident': 3}",{'CONFIDENT': 6},0.063054187,{'confidence': 3},0.085714286,{'CONFIDENT': 3},,0,,{'confident': 3},0.103448276,{'CONFIDENT': 3},0.094581281
effect,2,{'effective': 3},{'SUPPORT': 3},0.028571429,{'effective': 2},0.057142857,{'SUPPORT': 2},{'effective': 1},0.028571429,{'SUPPORT': 1},,0,,0.042857143
frustrat,1,{'frustration': 1},{'ANNOYANCE': 1},0.00952381,{'frustration': 1},0.028571429,{'ANNOYANCE': 1},,0,,,0,,0.028571429
easi,3,{'easy': 35},{'EASINESS': 40},0.398686371,{'easy': 16},0.571428571,{'EASINESS': 20},{'easy': 10},0.314285714,{'EASINESS': 11},{'easy': 9},0.310344828,{'EASINESS': 9},0.398686371
enjoy,1,{'enjoy': 1},{'AESTHETICS': 1},0.00952381,{'enjoy': 1},0.028571429,{'AESTHETICS': 1},,0,,,0,,0.028571429
simpl,2,{'simple': 5},{'COMPLEX': 5},0.047619048,{'simple': 1},0.028571429,{'COMPLEX': 1},{'simple': 4},0.114285714,{'COMPLEX': 4},,0,,0.071428571
follow,2,{'follow': 3},{'GUIDANCE': 3},0.028571429,{'follow': 2},0.057142857,{'GUIDANCE': 2},{'follow': 1},0.028571429,{'GUIDANCE': 1},,0,,0.042857143
intuit,3,"{'intuitive': 7, 'intuitively': 1}",{'INTUITIVE': 8},0.07816092,{'intuitive': 2},0.057142857,{'INTUITIVE': 2},"{'intuitive': 4, 'intuitively': 1}",0.142857143,{'INTUITIVE': 5},{'intuitive': 1},0.034482759,{'INTUITIVE': 1},0.07816092
visibl,2,"{'visible': 4, 'visibility': 1}",{'VIEW': 5},0.047619048,{'visible': 2},0.057142857,{'VIEW': 2},"{'visible': 2, 'visibility': 1}",0.085714286,{'VIEW': 3},,0,,0.071428571
clear,3,"{'clearly': 9, 'clear': 9}",{'CLARITY': 15},0.15862069,"{'clearly': 2, 'clear': 2}",0.114285714,{'CLARITY': 4},{'clear': 3},0.085714286,{'CLARITY': 3},"{'clear': 4, 'clearly': 7}",0.275862069,{'CLARITY': 8},0.15862069
arrang,2,{'arrangement': 2},{'ENCODINGS': 2},0.021018062,{'arrangement': 1},0.028571429,{'ENCODINGS': 1},,0,,{'arrangement': 1},0.034482759,{'ENCODINGS': 1},0.031527094
hard,3,{'hard': 7},{'EASINESS': 8},0.07816092,{'hard': 2},0.085714286,{'EASINESS': 3},{'hard': 4},0.114285714,{'EASINESS': 4},{'hard': 1},0.034482759,{'EASINESS': 1},0.07816092
interpret,3,"{'interpret': 15, 'interpretation': 1}",{'UNDERSTAND': 16},0.164203612,{'interpret': 6},0.171428571,{'UNDERSTAND': 6},"{'interpret': 3, 'interpretation': 1}",0.114285714,{'UNDERSTAND': 4},{'interpret': 6},0.206896552,{'UNDERSTAND': 6},0.164203612
understand,3,"{'understand': 34, 'understanding': 2, 'understandable': 1}",{'UNDERSTAND': 36},0.374384236,"{'understand': 9, 'understanding': 1}",0.285714286,{'UNDERSTAND': 10},"{'understandable': 1, 'understand': 9}",0.285714286,{'UNDERSTAND': 10},"{'understand': 16, 'understanding': 1}",0.551724138,{'UNDERSTAND': 16},0.374384236
look,2,{'look': 3},"{'AESTHETICS': 1, 'SEARCH': 1, 'VIEW': 2}",0.032512315,{'look': 1},0.028571429,{'AESTHETICS': 1},,0,,{'look': 2},0.068965517,"{'SEARCH': 1, 'VIEW': 2}",0.048768473
learn,2,"{'learn': 3, 'learned': 1}",{'LEARN': 4},0.042036125,{'learn': 2},0.057142857,{'LEARN': 2},,0,,"{'learned': 1, 'learn': 1}",0.068965517,{'LEARN': 2},0.063054187
read,3,"{'read': 13, 'reading': 1}",{'READ': 14},0.147126437,{'read': 6},0.171428571,{'READ': 6},{'read': 1},0.028571429,{'READ': 1},"{'reading': 1, 'read': 6}",0.24137931,{'READ': 7},0.147126437
overview,3,{'overview': 6},{'OVERVIEW': 6},0.061083744,{'overview': 3},0.085714286,{'OVERVIEW': 3},{'overview': 1},0.028571429,{'OVERVIEW': 1},{'overview': 2},0.068965517,{'OVERVIEW': 2},0.061083744
gain,1,{'gain': 1},{'QUERY': 1},0.00952381,{'gain': 1},0.028571429,{'QUERY': 1},,0,,,0,,0.028571429
data,2,{'data': 10},{'DATA': 11},0.120525452,{'data': 2},0.085714286,{'DATA': 3},,0,,{'data': 8},0.275862069,{'DATA': 8},0.180788177
display,1,{'display': 1},{'SHOW': 1},0.00952381,{'display': 1},0.028571429,{'SHOW': 1},,0,,,0,,0.028571429
inform,2,"{'information': 13, 'informative': 2}","{'INFORMATION': 13, 'INFORMATIVE': 2}",0.156978654,{'information': 2},0.057142857,{'INFORMATION': 2},,0,,"{'information': 11, 'informative': 2}",0.413793103,"{'INFORMATION': 11, 'INFORMATIVE': 2}",0.23546798
valu,2,"{'value': 1, 'values': 3}","{'UNDERSTAND': 1, 'INFORMATION': 2, 'DATA FEATURES': 1}",0.044006568,{'value': 1},0.028571429,{'UNDERSTAND': 1},,0,,{'values': 3},0.103448276,"{'INFORMATION': 2, 'DATA FEATURES': 1}",0.066009852
answer,2,{'answer': 3},{'REASON': 3},0.032512315,{'answer': 1},0.028571429,{'REASON': 1},,0,,{'answer': 2},0.068965517,{'REASON': 2},0.048768473
correct,2,"{'correct': 1, 'correctly': 1}",{'ACCURATE': 2},0.019047619,{'correct': 1},0.028571429,{'ACCURATE': 1},{'correctly': 1},0.028571429,{'ACCURATE': 1},,0,,0.028571429
text,2,{'text': 2},{'VIS TEXT': 2},0.021018062,{'text': 1},0.028571429,{'VIS TEXT': 1},,0,,{'text': 1},0.034482759,{'VIS TEXT': 1},0.031527094
symbol,1,{'symbol': 1},{'ENCODINGS': 1},0.00952381,{'symbol': 1},0.028571429,{'ENCODINGS': 1},,0,,,0,,0.028571429
see,3,{'see': 11},{'VIEW': 11},0.114614122,{'see': 2},0.057142857,{'VIEW': 2},{'see': 4},0.114285714,{'VIEW': 4},{'see': 5},0.172413793,{'VIEW': 5},0.114614122
link,1,{'link': 1},{'DATA FEATURE': 1},0.00952381,{'link': 1},0.028571429,{'DATA FEATURE': 1},,0,,,0,,0.028571429
compon,2,"{'component': 1, 'components': 1}",{'VIS ELEMENTS': 2},0.021018062,{'component': 1},0.028571429,{'VIS ELEMENTS': 1},,0,,{'components': 1},0.034482759,{'VIS ELEMENTS': 1},0.031527094
diagram,1,{'diagram': 1},{'VISUALIZATION': 1},0.00952381,{'diagram': 1},0.028571429,{'VISUALIZATION': 1},,0,,,0,,0.028571429
mind,1,{'mind': 1},{'TAKEAWAY': 1},0.00952381,{'mind': 1},0.028571429,{'TAKEAWAY': 1},,0,,,0,,0.028571429
perceiv,2,{'perceive': 2},{'VIEW': 2},0.019047619,{'perceive': 1},0.028571429,{'VIEW': 1},{'perceive': 1},0.028571429,{'VIEW': 1},,0,,0.028571429
featur,2,"{'feature': 2, 'features': 1}",{'DATA FEATURES': 3},0.030541872,{'feature': 2},0.057142857,{'DATA FEATURES': 2},,0,,{'features': 1},0.034482759,{'DATA FEATURES': 1},0.045812808
abl,1,{'able': 1},{'SUPPORT': 1},0.00952381,{'able': 1},0.028571429,{'SUPPORT': 1},,0,,,0,,0.028571429
good,1,{'good': 2},{'GOOD': 2},0.019047619,{'good': 2},0.057142857,{'GOOD': 2},,0,,,0,,0.057142857
design,2,{'design': 3},"{'DESIGN': 2, 'ENCODINGS': 1}",0.030541872,{'design': 2},0.057142857,{'DESIGN': 2},,0,,{'design': 1},0.034482759,{'ENCODINGS': 1},0.045812808
graph,1,{'graph': 1},{'VISUALIZATION': 1},0.00952381,{'graph': 1},0.028571429,{'VISUALIZATION': 1},,0,,,0,,0.028571429
recogn,3,{'recognize': 4},{'QUERY': 4},0.040065681,{'recognize': 1},0.028571429,{'QUERY': 1},{'recognize': 2},0.057142857,{'QUERY': 2},{'recognize': 1},0.034482759,{'QUERY': 1},0.040065681
enabl,1,{'enable': 1},{'SUPPORT': 1},0.00952381,{'enable': 1},0.028571429,{'SUPPORT': 1},,0,,,0,,0.028571429
obvious,2,{'obvious': 3},{'CLARITY': 3},0.028571429,{'obvious': 1},0.028571429,{'CLARITY': 1},{'obvious': 2},0.057142857,{'CLARITY': 2},,0,,0.042857143
unambigu,1,{'unambiguous': 1},{'CLARITY': 1},0.00952381,{'unambiguous': 1},0.028571429,{'CLARITY': 1},,0,,,0,,0.028571429
glanc,2,{'glance': 2},{'TIME': 2},0.021018062,{'glance': 1},0.028571429,{'TIME': 1},,0,,{'glance': 1},0.034482759,{'TIME': 1},0.031527094
determin,2,{'determine': 2},{'QUERY': 2},0.021018062,{'determine': 1},0.028571429,{'QUERY': 1},,0,,{'determine': 1},0.034482759,{'QUERY': 1},0.031527094
assess,1,{'assess': 1},{'QUERY': 1},0.00952381,{'assess': 1},0.028571429,{'QUERY': 1},,0,,,0,,0.028571429
difficult,3,{'difficult': 11},{'EASINESS': 11},0.112643678,{'difficult': 2},0.057142857,{'EASINESS': 2},{'difficult': 5},0.142857143,{'EASINESS': 5},{'difficult': 4},0.137931034,{'EASINESS': 4},0.112643678
identifi,2,"{'identify': 5, 'identifiable': 1}","{'QUERY': 5, 'UNDERSTAND': 1}",0.066995074,{'identify': 1},0.028571429,{'QUERY': 1},,0,,"{'identifiable': 1, 'identify': 4}",0.172413793,"{'UNDERSTAND': 1, 'QUERY': 4}",0.100492611
poor,1,{'poor': 1},{'GOOD': 1},0.00952381,{'poor': 1},0.028571429,{'GOOD': 1},,0,,,0,,0.028571429
excel,1,{'excellent': 1},{'GOOD': 1},0.00952381,{'excellent': 1},0.028571429,{'GOOD': 1},,0,,,0,,0.028571429
fast,1,{'fast': 1},{'TIME': 1},0.00952381,{'fast': 1},0.028571429,{'TIME': 1},,0,,,0,,0.028571429
find,2,{'find': 4},{'SEARCH': 4},0.044006568,{'find': 1},0.028571429,{'SEARCH': 1},,0,,{'find': 3},0.103448276,{'SEARCH': 3},0.066009852
request,1,{'requested': 1},{'RELEVANT': 1},0.00952381,{'requested': 1},0.028571429,{'RELEVANT': 1},,0,,,0,,0.028571429
sens,1,{'sense': 1},{'UNDERSTAND': 1},0.00952381,{'sense': 1},0.028571429,{'UNDERSTAND': 1},,0,,,0,,0.028571429
confus,3,"{'confused': 2, 'confusing': 8}",{'CLARITY': 10},0.103119869,{'confused': 1},0.028571429,{'CLARITY': 1},{'confusing': 5},0.142857143,{'CLARITY': 5},"{'confused': 1, 'confusing': 3}",0.137931034,{'CLARITY': 4},0.103119869
facilit,1,{'facilitate': 1},{'SUPPORT': 1},0.00952381,{'facilitate': 1},0.028571429,{'SUPPORT': 1},,0,,,0,,0.028571429
quick,2,"{'quick': 1, 'quickly': 3}",{'TIME': 4},0.044006568,{'quick': 1},0.028571429,{'TIME': 1},,0,,{'quickly': 3},0.103448276,{'TIME': 3},0.066009852
chart,1,{'chart': 1},{'VISUALIZATION': 1},0.00952381,{'chart': 1},0.028571429,{'VISUALIZATION': 1},,0,,,0,,0.028571429
discern,2,{'discern': 2},"{'VIEW': 1, 'QUERY': 1}",0.019047619,{'discern': 1},0.028571429,{'VIEW': 1},{'discern': 1},0.028571429,{'QUERY': 1},,0,,0.028571429
grasp,2,{'grasp': 2},{'UNDERSTAND': 2},0.021018062,{'grasp': 1},0.028571429,{'UNDERSTAND': 1},,0,,{'grasp': 1},0.034482759,{'UNDERSTAND': 1},0.031527094
legibl,1,{'legible': 2},{'READ': 2},0.019047619,,0,,{'legible': 2},0.057142857,{'READ': 2},,0,,0.057142857
better,1,{'better': 1},{'GOOD': 1},0.00952381,,0,,{'better': 1},0.028571429,{'GOOD': 1},,0,,0.028571429
suitabl,1,{'suitable': 1},{'SUPPORT': 1},0.00952381,,0,,{'suitable': 1},0.028571429,{'SUPPORT': 1},,0,,0.028571429
lost,1,{'lost': 2},{'GUIDANCE': 2},0.019047619,,0,,{'lost': 2},0.057142857,{'GUIDANCE': 2},,0,,0.057142857
deciph,2,{'decipher': 2},{'UNDERSTAND': 2},0.021018062,,0,,{'decipher': 1},0.028571429,{'UNDERSTAND': 1},{'decipher': 1},0.034482759,{'UNDERSTAND': 1},0.031527094
rich,1,{'rich': 1},{'RICH': 1},0.00952381,,0,,{'rich': 1},0.028571429,{'RICH': 1},,0,,0.028571429
usabl,1,{'usable': 1},{'SUPPORT': 1},0.00952381,,0,,{'usable': 1},0.028571429,{'SUPPORT': 1},,0,,0.028571429
comprehens,1,{'comprehensibly': 1},{'UNDERSTAND': 1},0.00952381,,0,,{'comprehensibly': 1},0.028571429,{'UNDERSTAND': 1},,0,,0.028571429
easili,2,{'easily': 12},{'EASINESS': 12},0.132019704,,0,,{'easily': 3},0.085714286,{'EASINESS': 3},{'easily': 9},0.310344828,{'EASINESS': 9},0.198029557
simplic,1,{'simplicity': 1},{'COMPLEX': 1},0.00952381,,0,,{'simplicity': 1},0.028571429,{'COMPLEX': 1},,0,,0.028571429
speed,1,{'speed': 1},{'TIME': 1},0.00952381,,0,,{'speed': 1},0.028571429,{'TIME': 1},,0,,0.028571429
meaning,2,{'meaningful': 4},"{'RELEVANT': 2, 'MEANING': 2}",0.042036125,,0,,{'meaningful': 2},0.057142857,{'RELEVANT': 2},{'meaningful': 2},0.068965517,{'MEANING': 2},0.063054187
view,1,{'view': 1},{'VIEW': 1},0.00952381,,0,,{'view': 1},0.028571429,{'VIEW': 1},,0,,0.028571429
help,2,"{'helpful': 2, 'help': 2}",{'SUPPORT': 4},0.042036125,,0,,{'helpful': 2},0.057142857,{'SUPPORT': 2},{'help': 2},0.068965517,{'SUPPORT': 2},0.063054187
clean,1,{'clean': 1},{'AESTHETICS': 1},0.00952381,,0,,{'clean': 1},0.028571429,{'AESTHETICS': 1},,0,,0.028571429
bold,1,{'bold': 1},{'VIS TEXT': 1},0.00952381,,0,,{'bold': 1},0.028571429,{'VIS TEXT': 1},,0,,0.028571429
untidi,1,{'untidy': 1},{'CLARITY': 1},0.00952381,,0,,{'untidy': 1},0.028571429,{'CLARITY': 1},,0,,0.028571429
occlud,1,{'occluded': 1},{'CLUTTER': 1},0.00952381,,0,,{'occluded': 1},0.028571429,{'CLUTTER': 1},,0,,0.028571429
guid,1,{'guide': 1},{'GUIDANCE': 1},0.00952381,,0,,{'guide': 1},0.028571429,{'GUIDANCE': 1},,0,,0.028571429
strong,1,{'strong': 1},{'SUPPORT': 1},0.00952381,,0,,{'strong': 1},0.028571429,{'SUPPORT': 1},,0,,0.028571429
judg,1,{'judge': 1},{'QUERY': 1},0.00952381,,0,,{'judge': 1},0.028571429,{'QUERY': 1},,0,,0.028571429
disorient,1,{'disorientating': 1},{'GUIDANCE': 1},0.00952381,,0,,{'disorientating': 1},0.028571429,{'GUIDANCE': 1},,0,,0.028571429
unexpect,2,{'unexpected': 2},{'EXPECTATION': 2},0.021018062,,0,,{'unexpected': 1},0.028571429,{'EXPECTATION': 1},{'unexpected': 1},0.034482759,{'EXPECTATION': 1},0.031527094
distinguish,1,{'distinguish': 3},{'CLARITY': 3},0.028571429,,0,,{'distinguish': 3},0.085714286,{'CLARITY': 3},,0,,0.085714286
encod,2,"{'encoding': 3, 'encoded': 1, 'encodings': 1}",{'ENCODINGS': 5},0.055500821,,0,,{'encoding': 1},0.028571429,{'ENCODINGS': 1},"{'encoding': 2, 'encoded': 1, 'encodings': 1}",0.137931034,{'ENCODINGS': 4},0.083251232
spars,1,{'sparse': 1},{'CLUTTER': 1},0.00952381,,0,,{'sparse': 1},0.028571429,{'CLUTTER': 1},,0,,0.028571429
instant,1,{'instantly': 1},{'TIME': 1},0.00952381,,0,,{'instantly': 1},0.028571429,{'TIME': 1},,0,,0.028571429
cognit,1,{'cognitive': 1},{'REASON': 1},0.00952381,,0,,{'cognitive': 1},0.028571429,{'REASON': 1},,0,,0.028571429
present,2,"{'present': 2, 'presentation': 1, 'presented': 1}","{'SHOW': 2, 'ENCODINGS': 1, 'CONVEY': 1}",0.044006568,,0,,{'present': 1},0.028571429,{'SHOW': 1},"{'presentation': 1, 'presented': 1, 'present': 1}",0.103448276,"{'ENCODINGS': 1, 'SHOW': 1, 'CONVEY': 1}",0.066009852
code,1,{'coding': 1},{'ENCODINGS': 1},0.00952381,,0,,{'coding': 1},0.028571429,{'ENCODINGS': 1},,0,,0.028571429
unclear,1,{'unclear': 1},{'CLARITY': 1},0.00952381,,0,,{'unclear': 1},0.028571429,{'CLARITY': 1},,0,,0.028571429
mean,2,"{'meaning': 5, 'means': 1}","{'MEANING': 3, 'TAKEAWAY': 3}",0.066995074,,0,,{'meaning': 1},0.028571429,{'MEANING': 1},"{'meaning': 4, 'means': 1}",0.172413793,"{'TAKEAWAY': 3, 'MEANING': 2}",0.100492611
spot,1,{'spot': 1},{'SEARCH': 1},0.00952381,,0,,{'spot': 1},0.028571429,{'SEARCH': 1},,0,,0.028571429
conceptu,1,{'conceptualize': 1},{'TAKEAWAY': 1},0.00952381,,0,,{'conceptualize': 1},0.028571429,{'TAKEAWAY': 1},,0,,0.028571429
distract,2,"{'distracting': 2, 'distracted': 1}",{'FOCUS': 3},0.030541872,,0,,{'distracting': 2},0.057142857,{'FOCUS': 2},{'distracted': 1},0.034482759,{'FOCUS': 1},0.045812808
chao,1,{'chaos': 1},{'GUIDANCE': 1},0.00952381,,0,,{'chaos': 1},0.028571429,{'GUIDANCE': 1},,0,,0.028571429
easier,2,{'easier': 2},{'EASINESS': 2},0.021018062,,0,,{'easier': 1},0.028571429,{'EASINESS': 1},{'easier': 1},0.034482759,{'EASINESS': 1},0.031527094
busi,1,{'busy': 1},{'CLUTTER': 1},0.00952381,,0,,{'busy': 1},0.028571429,{'CLUTTER': 1},,0,,0.028571429
messi,1,{'messy': 2},{'CLARITY': 2},0.019047619,,0,,{'messy': 2},0.057142857,{'CLARITY': 2},,0,,0.057142857
comfort,1,{'comfortable': 1},{'SUPPORT': 1},0.00952381,,0,,{'comfortable': 1},0.028571429,{'SUPPORT': 1},,0,,0.028571429
richer,1,{'richer': 1},{'RICH': 1},0.00952381,,0,,{'richer': 1},0.028571429,{'RICH': 1},,0,,0.028571429
neat,1,{'neat': 1},{'AESTHETICS': 1},0.00952381,,0,,{'neat': 1},0.028571429,{'AESTHETICS': 1},,0,,0.028571429
hamper,1,{'hamper': 1},{'SUPPORT': 1},0.00952381,,0,,{'hamper': 1},0.028571429,{'SUPPORT': 1},,0,,0.028571429
appropri,1,{'appropriate': 1},{'RELEVANT': 1},0.00952381,,0,,{'appropriate': 1},0.028571429,{'RELEVANT': 1},,0,,0.028571429
effici,1,{'efficient': 1},{'SUPPORT': 1},0.00952381,,0,,{'efficient': 1},0.028571429,{'SUPPORT': 1},,0,,0.028571429
highlight,1,{'highlight': 1},{'ENCODINGS': 1},0.00952381,,0,,{'highlight': 1},0.028571429,{'ENCODINGS': 1},,0,,0.028571429
attract,2,"{'attract': 1, 'attracting': 1}",{'FOCUS': 2},0.021018062,,0,,{'attract': 1},0.028571429,{'FOCUS': 1},{'attracting': 1},0.034482759,{'FOCUS': 1},0.031527094
attent,2,{'attention': 3},{'FOCUS': 3},0.030541872,,0,,{'attention': 2},0.057142857,{'FOCUS': 2},{'attention': 1},0.034482759,{'FOCUS': 1},0.045812808
complex,2,{'complex': 3},{'COMPLEX': 3},0.030541872,,0,,{'complex': 2},0.057142857,{'COMPLEX': 2},{'complex': 1},0.034482759,{'COMPLEX': 1},0.045812808
disorgan,1,{'disorganized': 1},{'GUIDANCE': 1},0.00952381,,0,,{'disorganized': 1},0.028571429,{'GUIDANCE': 1},,0,,0.028571429
unapp,1,{'unappealing': 1},{'AESTHETICS': 1},0.00952381,,0,,{'unappealing': 1},0.028571429,{'AESTHETICS': 1},,0,,0.028571429
insight,2,{'insight': 2},{'TAKEAWAY': 2},0.021018062,,0,,{'insight': 1},0.028571429,{'TAKEAWAY': 1},{'insight': 1},0.034482759,{'TAKEAWAY': 1},0.031527094
prefer,1,{'prefer': 1},{'AESTHETICS': 1},0.00952381,,0,,{'prefer': 1},0.028571429,{'AESTHETICS': 1},,0,,0.028571429
relev,2,{'relevant': 5},{'RELEVANT': 5},0.055500821,,0,,{'relevant': 1},0.028571429,{'RELEVANT': 1},{'relevant': 4},0.137931034,{'RELEVANT': 4},0.083251232
show,2,"{'show': 5, 'shows': 1}",{'SHOW': 6},0.065024631,,0,,{'show': 2},0.057142857,{'SHOW': 2},"{'show': 3, 'shows': 1}",0.137931034,{'SHOW': 4},0.097536946
balanc,1,{'balance': 2},{'BALANCE': 2},0.019047619,,0,,{'balance': 2},0.057142857,{'BALANCE': 2},,0,,0.057142857
occlus,1,{'occlusion': 1},{'CLUTTER': 1},0.00952381,,0,,{'occlusion': 1},0.028571429,{'CLUTTER': 1},,0,,0.028571429
crowd,1,{'crowded': 1},{'CLUTTER': 1},0.00952381,,0,,{'crowded': 1},0.028571429,{'CLUTTER': 1},,0,,0.028571429
conveni,1,{'convenient': 1},{'SUPPORT': 1},0.00952381,,0,,{'convenient': 1},0.028571429,{'SUPPORT': 1},,0,,0.028571429
abnorm,1,{'abnormal': 1},{'INFORMATIVE': 1},0.011494253,,0,,,0,,{'abnormal': 1},0.034482759,{'INFORMATIVE': 1},0.034482759
amount,1,{'amount': 1},{'ENOUGH': 1},0.011494253,,0,,,0,,{'amount': 1},0.034482759,{'ENOUGH': 1},0.034482759
caption,1,{'caption': 1},{'REFERENCE STRUCTURES': 1},0.011494253,,0,,,0,,{'caption': 1},0.034482759,{'REFERENCE STRUCTURES': 1},0.034482759
characterist,1,{'characteristics': 1},{'DATA FEATURES': 1},0.011494253,,0,,,0,,{'characteristics': 1},0.034482759,{'DATA FEATURES': 1},0.034482759
choic,1,{'choices': 1},{'INTENT': 1},0.011494253,,0,,,0,,{'choices': 1},0.034482759,{'INTENT': 1},0.034482759
cluster,1,{'clusters': 1},{'DATA FEATURES': 1},0.011494253,,0,,,0,,{'clusters': 1},0.034482759,{'DATA FEATURES': 1},0.034482759
communiti,1,{'communities': 1},{'DATA FEATURES': 1},0.011494253,,0,,,0,,{'communities': 1},0.034482759,{'DATA FEATURES': 1},0.034482759
context,1,{'context': 1},{'CONTEXT': 1},0.011494253,,0,,,0,,{'context': 1},0.034482759,{'CONTEXT': 1},0.034482759
decis,1,{'decisions': 1},{'GOAL': 1},0.011494253,,0,,,0,,{'decisions': 1},0.034482759,{'GOAL': 1},0.034482759
descript,1,{'description': 1},{'TAKEAWAY': 1},0.011494253,,0,,,0,,{'description': 1},0.034482759,{'TAKEAWAY': 1},0.034482759
detail,1,{'details': 3},{'DETAILS': 3},0.034482759,,0,,,0,,{'details': 3},0.103448276,{'DETAILS': 3},0.103448276
direct,1,{'direction': 1},{'GUIDANCE': 1},0.011494253,,0,,,0,,{'direction': 1},0.034482759,{'GUIDANCE': 1},0.034482759
element,1,{'elements': 1},{'VIS ELEMENTS': 1},0.011494253,,0,,,0,,{'elements': 1},0.034482759,{'VIS ELEMENTS': 1},0.034482759
entiti,1,{'entities': 1},{'DATA': 1},0.011494253,,0,,,0,,{'entities': 1},0.034482759,{'DATA': 1},0.034482759
entri,1,{'entry': 1},{'GUIDANCE': 1},0.011494253,,0,,,0,,{'entry': 1},0.034482759,{'GUIDANCE': 1},0.034482759
everyth,1,{'everything': 1},{'VIS ELEMENTS': 1},0.011494253,,0,,,0,,{'everything': 1},0.034482759,{'VIS ELEMENTS': 1},0.034482759
expertis,1,{'expertise': 1},{'EXPERTISE': 1},0.011494253,,0,,,0,,{'expertise': 1},0.034482759,{'EXPERTISE': 1},0.034482759
expert,1,{'experts': 1},{'EXPERTISE': 1},0.011494253,,0,,,0,,{'experts': 1},0.034482759,{'EXPERTISE': 1},0.034482759
fact,1,{'fact': 1},{'INFORMATION': 1},0.011494253,,0,,,0,,{'fact': 1},0.034482759,{'INFORMATION': 1},0.034482759
general,1,{'general': 1},{'OVERVIEW': 1},0.011494253,,0,,,0,,{'general': 1},0.034482759,{'OVERVIEW': 1},0.034482759
group,1,{'groups': 1},{'DATA FEATURES': 1},0.011494253,,0,,,0,,{'groups': 1},0.034482759,{'DATA FEATURES': 1},0.034482759
hierarchi,1,{'hierarchy': 1},{'ENCODINGS': 1},0.011494253,,0,,,0,,{'hierarchy': 1},0.034482759,{'ENCODINGS': 1},0.034482759
key,1,{'key': 1},{'KEY': 1},0.011494253,,0,,,0,,{'key': 1},0.034482759,{'KEY': 1},0.034482759
lay,1,{'lay': 1},{'EXPERTISE': 1},0.011494253,,0,,,0,,{'lay': 1},0.034482759,{'EXPERTISE': 1},0.034482759
legend,1,{'legend': 2},{'REFERENCE STRUCTURES': 2},0.022988506,,0,,,0,,{'legend': 2},0.068965517,{'REFERENCE STRUCTURES': 2},0.068965517
level,1,{'level': 1},{'DATA FEATURES': 1},0.011494253,,0,,,0,,{'level': 1},0.034482759,{'DATA FEATURES': 1},0.034482759
main,1,{'main': 3},{'KEY': 3},0.034482759,,0,,,0,,{'main': 3},0.103448276,{'KEY': 3},0.103448276
major,1,{'major': 1},{'KEY': 1},0.011494253,,0,,,0,,{'major': 1},0.034482759,{'KEY': 1},0.034482759
map,1,{'mapping': 1},{'ENCODINGS': 1},0.011494253,,0,,,0,,{'mapping': 1},0.034482759,{'ENCODINGS': 1},0.034482759
messag,1,"{'message': 5, 'messages': 1}",{'TAKEAWAY': 6},0.068965517,,0,,,0,,"{'message': 5, 'messages': 1}",0.206896552,{'TAKEAWAY': 6},0.206896552
other,1,{'others': 2},{'OTHER PEOPLE': 2},0.022988506,,0,,,0,,{'others': 2},0.068965517,{'OTHER PEOPLE': 2},0.068965517
outlier,1,{'outliers': 4},{'DATA FEATURES': 4},0.045977011,,0,,,0,,{'outliers': 4},0.137931034,{'DATA FEATURES': 4},0.137931034
pattern,1,"{'pattern': 2, 'patterns': 5}",{'DATA FEATURES': 7},0.08045977,,0,,,0,,"{'pattern': 2, 'patterns': 5}",0.24137931,{'DATA FEATURES': 7},0.24137931
person,1,{'person': 1},{'OTHER PEOPLE': 1},0.011494253,,0,,,0,,{'person': 1},0.034482759,{'OTHER PEOPLE': 1},0.034482759
point,1,"{'point': 1, 'points': 1}","{'GUIDANCE': 1, 'DATA': 1}",0.022988506,,0,,,0,,"{'point': 1, 'points': 1}",0.068965517,"{'GUIDANCE': 1, 'DATA': 1}",0.068965517
properti,1,{'properties': 1},{'DATA FEATURES': 1},0.011494253,,0,,,0,,{'properties': 1},0.034482759,{'DATA FEATURES': 1},0.034482759
question,1,"{'question': 1, 'questions': 1}",{'GOAL': 2},0.022988506,,0,,,0,,"{'question': 1, 'questions': 1}",0.068965517,{'GOAL': 2},0.068965517
relationship,1,{'relationships': 3},{'DATA FEATURES': 3},0.034482759,,0,,,0,,{'relationships': 3},0.103448276,{'DATA FEATURES': 3},0.103448276
represent,1,{'representations': 1},{'VIS ELEMENTS': 1},0.011494253,,0,,,0,,{'representations': 1},0.034482759,{'VIS ELEMENTS': 1},0.034482759
select,1,{'selection': 1},{'OPERATION': 1},0.011494253,,0,,,0,,{'selection': 1},0.034482759,{'OPERATION': 1},0.034482759
similar,1,{'similar': 1},{'QUERY': 1},0.011494253,,0,,,0,,{'similar': 1},0.034482759,{'QUERY': 1},0.034482759
skill,1,{'skills': 1},{'EXPERTISE': 1},0.011494253,,0,,,0,,{'skills': 1},0.034482759,{'EXPERTISE': 1},0.034482759
stori,1,{'story': 1},{'TAKEAWAY': 1},0.011494253,,0,,,0,,{'story': 1},0.034482759,{'TAKEAWAY': 1},0.034482759
structur,1,{'structure': 1},{'ENCODINGS': 1},0.011494253,,0,,,0,,{'structure': 1},0.034482759,{'ENCODINGS': 1},0.034482759
trend,1,"{'trend': 2, 'trends': 2}",{'DATA FEATURES': 4},0.045977011,,0,,,0,,"{'trend': 2, 'trends': 2}",0.137931034,{'DATA FEATURES': 4},0.137931034
color,1,"{'color': 2, 'colors': 2}",{'ENCODINGS': 4},0.045977011,,0,,,0,,"{'color': 2, 'colors': 2}",0.137931034,{'ENCODINGS': 4},0.137931034
communic,1,"{'communicate': 2, 'communicated': 1}","{'CONVEY': 1, 'VERBALIZE': 1, 'LEARN': 1}",0.022988506,,0,,,0,,"{'communicate': 2, 'communicated': 1}",0.068965517,"{'CONVEY': 1, 'VERBALIZE': 1, 'LEARN': 1}",0.068965517
concret,1,{'concrete': 1},{'SPECIFIC': 1},0.011494253,,0,,,0,,{'concrete': 1},0.034482759,{'SPECIFIC': 1},0.034482759
convey,1,"{'convey': 2, 'conveys': 2}",{'CONVEY': 4},0.045977011,,0,,,0,,"{'convey': 2, 'conveys': 2}",0.137931034,{'CONVEY': 4},0.137931034
differenti,1,{'differentiate': 1},{'QUERY': 1},0.011494253,,0,,,0,,{'differentiate': 1},0.034482759,{'QUERY': 1},0.034482759
enough,1,{'enough': 2},{'ENOUGH': 2},0.022988506,,0,,,0,,{'enough': 2},0.068965517,{'ENOUGH': 2},0.068965517
extract,1,{'extract': 6},{'QUERY': 6},0.068965517,,0,,,0,,{'extract': 6},0.206896552,{'QUERY': 6},0.206896552
interest,1,"{'interested': 1, 'interesting': 1}","{'RELEVANT': 1, 'INFORMATIVE': 1}",0.022988506,,0,,,0,,"{'interested': 1, 'interesting': 1}",0.068965517,"{'RELEVANT': 1, 'INFORMATIVE': 1}",0.068965517
item,1,{'items': 1},{'ENCODINGS': 1},0.011494253,,0,,,0,,{'items': 1},0.034482759,{'ENCODINGS': 1},0.034482759
know,1,{'know': 4},"{'INFORMATION': 1, 'KNOW': 3}",0.045977011,,0,,,0,,{'know': 4},0.137931034,"{'INFORMATION': 1, 'KNOW': 3}",0.137931034
line,1,{'lines': 1},{'ENCODINGS': 1},0.011494253,,0,,,0,,{'lines': 1},0.034482759,{'ENCODINGS': 1},0.034482759
need,1,"{'needed': 2, 'needs': 1}",{'RELEVANT': 3},0.034482759,,0,,,0,,"{'needed': 2, 'needs': 1}",0.103448276,{'RELEVANT': 3},0.103448276
overal,1,{'overall': 2},{'OVERVIEW': 2},0.022988506,,0,,,0,,{'overall': 2},0.068965517,{'OVERVIEW': 2},0.068965517
recov,1,{'recover': 1},{'QUERY': 1},0.011494253,,0,,,0,,{'recover': 1},0.034482759,{'QUERY': 1},0.034482759
repres,1,"{'represent': 1, 'represented': 1}","{'MEANING': 1, 'SHOW': 1}",0.022988506,,0,,,0,,"{'represent': 1, 'represented': 1}",0.068965517,"{'MEANING': 1, 'SHOW': 1}",0.068965517
requir,1,"{'required': 1, 'require': 1}","{'RELEVANT': 1, 'REQUIRE': 1}",0.022988506,,0,,,0,,"{'required': 1, 'require': 1}",0.068965517,"{'RELEVANT': 1, 'REQUIRE': 1}",0.068965517
result,1,{'results': 1},{'CONCLUSION': 1},0.011494253,,0,,,0,,{'results': 1},0.034482759,{'CONCLUSION': 1},0.034482759
say,1,{'says': 1},{'CONVEY': 1},0.011494253,,0,,,0,,{'says': 1},0.034482759,{'CONVEY': 1},0.034482759
shape,1,{'shapes': 2},{'ENCODINGS': 2},0.022988506,,0,,,0,,{'shapes': 2},0.068965517,{'ENCODINGS': 2},0.068965517
suffici,1,{'sufficient': 1},{'ENOUGH': 1},0.011494253,,0,,,0,,{'sufficient': 1},0.034482759,{'ENOUGH': 1},0.034482759
verbal,1,{'verbal': 1},{'VERBALIZE': 1},0.011494253,,0,,,0,,{'verbal': 1},0.034482759,{'VERBALIZE': 1},0.034482759
annot,1,{'annotations': 1},{'REFERENCE STRUCTURES': 1},0.011494253,,0,,,0,,{'annotations': 1},0.034482759,{'REFERENCE STRUCTURES': 1},0.034482759
distort,1,{'distortion': 1},{'DISTORTION': 1},0.011494253,,0,,,0,,{'distortion': 1},0.034482759,{'DISTORTION': 1},0.034482759
eye,1,{'eyes': 1},{'READER': 1},0.011494253,,0,,,0,,{'eyes': 1},0.034482759,{'READER': 1},0.034482759
intend,1,{'intended': 1},{'DESIGNER': 1},0.011494253,,0,,,0,,{'intended': 1},0.034482759,{'DESIGNER': 1},0.034482759
label,1,{'labels': 1},{'REFERENCE STRUCTURES': 1},0.011494253,,0,,,0,,{'labels': 1},0.034482759,{'REFERENCE STRUCTURES': 1},0.034482759
mark,1,{'marks': 1},{'ENCODINGS': 1},0.011494253,,0,,,0,,{'marks': 1},0.034482759,{'ENCODINGS': 1},0.034482759
order,1,{'ordering': 1},{'ENCODINGS': 1},0.011494253,,0,,,0,,{'ordering': 1},0.034482759,{'ENCODINGS': 1},0.034482759
part,1,{'parts': 2},{'VIS ELEMENTS': 2},0.022988506,,0,,,0,,{'parts': 2},0.068965517,{'VIS ELEMENTS': 2},0.068965517
plot,1,{'plot': 1},{'VISUALIZATION': 1},0.011494253,,0,,,0,,{'plot': 1},0.034482759,{'VISUALIZATION': 1},0.034482759
scale,1,{'scale': 1},{'VIS APPEARANCE': 1},0.011494253,,0,,,0,,{'scale': 1},0.034482759,{'VIS APPEARANCE': 1},0.034482759
spatial,1,{'spatial': 1},{'ENCODINGS': 1},0.011494253,,0,,,0,,{'spatial': 1},0.034482759,{'ENCODINGS': 1},0.034482759
takeaway,1,{'takeaways': 1},{'TAKEAWAY': 1},0.011494253,,0,,,0,,{'takeaways': 1},0.034482759,{'TAKEAWAY': 1},0.034482759
variabl,1,{'variables': 1},{'ENCODINGS': 1},0.011494253,,0,,,0,,{'variables': 1},0.034482759,{'ENCODINGS': 1},0.034482759
annoy,1,{'annoyed': 1},{'ANNOYANCE': 1},0.011494253,,0,,,0,,{'annoyed': 1},0.034482759,{'ANNOYANCE': 1},0.034482759
awar,1,{'aware': 1},{'KNOW': 1},0.011494253,,0,,,0,,{'aware': 1},0.034482759,{'KNOW': 1},0.034482759
awesom,1,{'awesome': 1},{'AESTHETICS': 1},0.011494253,,0,,,0,,{'awesome': 1},0.034482759,{'AESTHETICS': 1},0.034482759
blur,1,{'blurring': 1},{'VIS APPEARANCE': 1},0.011494253,,0,,,0,,{'blurring': 1},0.034482759,{'VIS APPEARANCE': 1},0.034482759
challeng,1,{'challenging': 1},{'EASINESS': 1},0.011494253,,0,,,0,,{'challenging': 1},0.034482759,{'EASINESS': 1},0.034482759
comprehend,1,{'comprehend': 2},{'UNDERSTAND': 2},0.022988506,,0,,,0,,{'comprehend': 2},0.068965517,{'UNDERSTAND': 2},0.068965517
disori,1,{'disorienting': 1},{'GUIDANCE': 1},0.011494253,,0,,,0,,{'disorienting': 1},0.034482759,{'GUIDANCE': 1},0.034482759
drawn,1,{'drawn': 1},{'GUIDANCE': 1},0.011494253,,0,,,0,,{'drawn': 1},0.034482759,{'GUIDANCE': 1},0.034482759
imag,1,{'image': 1},{'VISUALIZATION': 1},0.011494253,,0,,,0,,{'image': 1},0.034482759,{'VISUALIZATION': 1},0.034482759
irrit,1,{'irritated': 1},{'ANNOYANCE': 1},0.011494253,,0,,,0,,{'irritated': 1},0.034482759,{'ANNOYANCE': 1},0.034482759
necessari,1,{'necessary': 1},{'KEY': 1},0.011494253,,0,,,0,,{'necessary': 1},0.034482759,{'KEY': 1},0.034482759
overwhelm,1,{'overwhelming': 1},{'CLARITY': 1},0.011494253,,0,,,0,,{'overwhelming': 1},0.034482759,{'CLARITY': 1},0.034482759
pleas,1,{'pleasing': 1},{'AESTHETICS': 1},0.011494253,,0,,,0,,{'pleasing': 1},0.034482759,{'AESTHETICS': 1},0.034482759
qualiti,1,{'quality': 1},{'VIS APPEARANCE': 1},0.011494253,,0,,,0,,{'quality': 1},0.034482759,{'VIS APPEARANCE': 1},0.034482759
size,1,{'sized': 1},{'VIS APPEARANCE': 1},0.011494253,,0,,,0,,{'sized': 1},0.034482759,{'VIS APPEARANCE': 1},0.034482759
useless,1,{'useless': 1},{'RELEVANT': 1},0.011494253,,0,,,0,,{'useless': 1},0.034482759,{'RELEVANT': 1},0.034482759
clue,1,{'clue': 1},{'UNDERSTAND': 1},0.011494253,,0,,,0,,{'clue': 1},0.034482759,{'UNDERSTAND': 1},0.034482759
describ,1,{'describe': 1},{'VERBALIZE': 1},0.011494253,,0,,,0,,{'describe': 1},0.034482759,{'VERBALIZE': 1},0.034482759
explain,1,{'explain': 1},{'VERBALIZE': 1},0.011494253,,0,,,0,,{'explain': 1},0.034482759,{'VERBALIZE': 1},0.034482759
form,1,{'form': 1},{'REASON': 1},0.011494253,,0,,,0,,{'form': 1},0.034482759,{'REASON': 1},0.034482759
impact,1,{'impact': 1},{'AFFECT': 1},0.011494253,,0,,,0,,{'impact': 1},0.034482759,{'AFFECT': 1},0.034482759
infer,1,{'infer': 1},{'REASON': 1},0.011494253,,0,,,0,,{'infer': 1},0.034482759,{'REASON': 1},0.034482759
iter,1,{'iterate': 1},{'VERBALIZE': 1},0.011494253,,0,,,0,,{'iterate': 1},0.034482759,{'VERBALIZE': 1},0.034482759
make,1,{'make': 1},{'ACHIEVE': 1},0.011494253,,0,,,0,,{'make': 1},0.034482759,{'ACHIEVE': 1},0.034482759
makesens,1,{'makesense': 3},{'UNDERSTAND': 3},0.034482759,,0,,,0,,{'makesense': 3},0.103448276,{'UNDERSTAND': 3},0.103448276
process,1,{'process': 2},{'REASON': 2},0.022988506,,0,,,0,,{'process': 2},0.068965517,{'REASON': 2},0.068965517
rank,1,{'rank': 1},{'QUERY': 1},0.011494253,,0,,,0,,{'rank': 1},0.034482759,{'QUERY': 1},0.034482759
relat,1,{'relate': 1},{'UNDERSTAND': 1},0.011494253,,0,,,0,,{'relate': 1},0.034482759,{'UNDERSTAND': 1},0.034482759
summar,1,{'summarize': 2},{'VERBALIZE': 2},0.022988506,,0,,,0,,{'summarize': 2},0.068965517,{'VERBALIZE': 2},0.068965517
support,1,{'support': 1},{'SUPPORT': 1},0.011494253,,0,,,0,,{'support': 1},0.034482759,{'SUPPORT': 1},0.034482759
tell,1,{'tells': 1},{'CONVEY': 1},0.011494253,,0,,,0,,{'tells': 1},0.034482759,{'CONVEY': 1},0.034482759
want,1,{'want': 1},{'WANT': 1},0.011494253,,0,,,0,,{'want': 1},0.034482759,{'WANT': 1},0.034482759
consis,1,{'consisely': 1},{'CONCISE': 1},0.011494253,,0,,,0,,{'consisely': 1},0.034482759,{'CONCISE': 1},0.034482759
effort,1,{'effort': 1},{'EASINESS': 1},0.011494253,,0,,,0,,{'effort': 1},0.034482759,{'EASINESS': 1},0.034482759
exact,1,{'exactly': 2},{'ACCURATE': 2},0.022988506,,0,,,0,,{'exactly': 2},0.068965517,{'ACCURATE': 2},0.068965517
explor,1,{'explore': 1},{'SEARCH': 1},0.011494253,,0,,,0,,{'explore': 1},0.034482759,{'SEARCH': 1},0.034482759
immedi,1,{'immediately': 1},{'TIME': 1},0.011494253,,0,,,0,,{'immediately': 1},0.034482759,{'TIME': 1},0.034482759
layout,1,{'layout': 1},{'ENCODINGS': 1},0.011494253,,0,,,0,,{'layout': 1},0.034482759,{'ENCODINGS': 1},0.034482759
long,1,{'long': 1},{'TIME': 1},0.011494253,,0,,,0,,{'long': 1},0.034482759,{'TIME': 1},0.034482759
one,1,{'one': 1},{'CONCISELY': 1},0.011494253,,0,,,0,,{'one': 1},0.034482759,{'CONCISELY': 1},0.034482759
paragraph,1,{'paragraph': 1},{'CONCISELY': 1},0.011494253,,0,,,0,,{'paragraph': 1},0.034482759,{'CONCISELY': 1},0.034482759
rapid,1,{'rapidly': 1},{'TIME': 1},0.011494253,,0,,,0,,{'rapidly': 1},0.034482759,{'TIME': 1},0.034482759
salient,1,{'saliently': 1},{'GUIDANCE': 1},0.011494253,,0,,,0,,{'saliently': 1},0.034482759,{'GUIDANCE': 1},0.034482759
second,1,{'seconds': 1},{'TIME': 1},0.011494253,,0,,,0,,{'seconds': 1},0.034482759,{'TIME': 1},0.034482759
sentenc,1,{'sentence': 1},{'CONCISELY': 1},0.011494253,,0,,,0,,{'sentence': 1},0.034482759,{'CONCISELY': 1},0.034482759
time,1,"{'time': 3, 'timely': 1}",{'TIME': 4},0.045977011,,0,,,0,,"{'time': 3, 'timely': 1}",0.137931034,{'TIME': 4},0.137931034
timespan,1,{'timespan': 1},{'TIME': 1},0.011494253,,0,,,0,,{'timespan': 1},0.034482759,{'TIME': 1},0.034482759
judge,,,,,,,,,,,,,,
guidance,,,,,,,,,,,,,,